赛别,序号,对手,胜负,球员,出场时间,投篮,三分,罚球,前场,后场,篮板,助攻,犯规,抢断,失误,封盖,得分
常规赛,1,尼克斯,胜,霍乐迪,35,4/10,1/5,3/4,2,2,4,2,3,0,2,3,9
常规赛,1,尼克斯,胜,怀特,32,4/6,1/3,3/4,0,6,6,2,3,2,1,1,12
常规赛,1,尼克斯,胜,塔特姆,39,13/22,3/8,5/6,0,11,11,4,3,2,4,1,34
常规赛,1,尼克斯,胜,布朗,38,4/11,0/4,3/4,0,6,6,5,5,1,2,0,11
常规赛,1,尼克斯,胜,波尔津吉斯,38,8/15,5/9,9/10,1,7,8,0,4,0,1,4,30
常规赛,1,尼克斯,胜,霍福德,26,3/4,2/3,0/0,3,4,7,2,2,0,3,0,8
常规赛,1,尼克斯,胜,豪瑟,14,0/4,0/4,0/0,0,2,2,0,1,1,0,1,0
常规赛,1,尼克斯,胜,普理查德,11,1/4,0/3,2/2,0,1,1,1,1,0,0,0,4
常规赛,1,尼克斯,胜,科内特,8,0/1,0/0,0/0,1,0,1,2,0,0,0,1,0
常规赛,2,热火,胜,霍乐迪,36,7/13,1/4,2/2,2,8,10,7,2,0,1,1,17
常规赛,2,热火,胜,怀特,36,9/15,5/7,5/6,3,3,6,3,1,1,2,3,28
常规赛,2,热火,胜,塔特姆,41,9/22,3/10,1/3,0,8,8,5,4,1,2,0,22
常规赛,2,热火,胜,布朗,34,11/22,3/7,2/4,2,4,6,1,1,2,4,0,27
常规赛,2,热火,胜,波尔津吉斯,30,6/12,2/6,3/4,3,6,9,1,6,3,1,1,17
常规赛,2,热火,胜,霍福德,25,0/6,0/2,0/0,3,7,10,2,1,0,3,1,0
常规赛,2,热火,胜,布里塞特,14,1/2,0/0,0/0,3,2,5,0,1,0,2,0,2
常规赛,2,热火,胜,普理查德,13,1/1,1/1,0/0,0,0,0,1,2,0,0,0,3
常规赛,2,热火,胜,豪瑟,10,1/2,1/2,0/0,0,1,1,0,1,0,0,0,3
常规赛,3,奇才,胜,霍乐迪,27,4/7,1/3,2/2,1,4,5,3,1,1,1,2,11
常规赛,3,奇才,胜,怀特,24,2/3,1/2,0/0,1,0,1,8,1,2,2,1,5
常规赛,3,奇才,胜,布朗,32,13/24,8/13,2/4,0,6,6,2,3,3,0,1,36
常规赛,3,奇才,胜,塔特姆,28,14/21,4/9,1/1,0,6,6,3,2,0,2,0,33
常规赛,3,奇才,胜,波尔津吉斯,24,7/9,1/2,0/0,0,6,6,3,2,0,2,1,15
常规赛,3,奇才,胜,豪瑟,25,3/10,2/9,0/0,3,5,8,1,3,0,1,1,8
常规赛,3,奇才,胜,普理查德,25,0/8,0/6,0/0,1,6,7,6,3,1,4,0,0
常规赛,3,奇才,胜,霍福德,16,4/9,0/3,0/0,4,1,5,1,1,2,0,0,8
常规赛,3,奇才,胜,科内特,11,0/0,0/0,0/0,0,1,1,1,1,0,1,0,0
常规赛,3,奇才,胜,布里塞特,10,0/4,0/2,0/0,1,1,2,1,2,1,0,0,0
常规赛,3,奇才,胜,班顿,10,1/3,0/1,0/0,2,0,2,1,1,0,1,0,2
常规赛,3,奇才,胜,史蒂文斯,6,2/2,1/1,0/0,2,0,2,0,1,0,3,0,5
常规赛,3,奇才,胜,米哈伊柳克,5,1/2,1/2,0/0,0,0,0,1,0,1,0,0,3
常规赛,4,步行者,胜,怀特,27,7/10,4/7,0/0,1,2,3,4,3,0,2,0,18
常规赛,4,步行者,胜,霍乐迪,25,6/9,3/4,0/0,0,7,7,4,0,0,1,1,15
常规赛,4,步行者,胜,塔特姆,27,9/15,3/5,9/10,2,10,12,4,1,0,2,0,30
常规赛,4,步行者,胜,布朗,25,7/15,0/1,2/2,1,6,7,1,3,0,2,0,16
常规赛,4,步行者,胜,波尔津吉斯,27,3/7,1/3,6/6,1,5,6,2,3,0,2,0,13
常规赛,4,步行者,胜,普理查德,26,6/10,2/3,1/1,1,3,4,9,2,0,0,0,15
常规赛,4,步行者,胜,布里塞特,20,1/4,0/1,2/2,0,1,1,0,0,2,0,0,4
常规赛,4,步行者,胜,豪瑟,19,5/7,5/6,2/2,0,3,3,0,3,1,1,0,17
常规赛,4,步行者,胜,霍福德,11,1/3,1/1,2/2,2,2,4,0,0,1,1,1,5
常规赛,4,步行者,胜,米哈伊柳克,11,2/6,1/4,0/0,0,3,3,0,0,0,0,0,5
常规赛,4,步行者,胜,班顿,8,4/4,0/0,3/3,0,3,3,1,2,1,0,0,11
常规赛,4,步行者,胜,史蒂文斯,7,2/4,0/0,0/0,2,0,2,2,2,0,0,0,4
常规赛,4,步行者,胜,科内特,6,1/1,0/0,0/0,1,1,2,0,0,0,0,0,2
常规赛,5,篮网,胜,霍乐迪,40,6/15,4/9,2/2,4,5,9,10,1,0,3,1,18
常规赛,5,篮网,胜,布朗,35,7/22,2/11,7/8,0,5,5,4,4,0,2,1,23
常规赛,5,篮网,胜,塔特姆,41,10/20,2/11,7/8,1,10,11,1,1,0,3,0,32
常规赛,5,篮网,胜,霍福德,30,4/7,0/3,0/0,2,5,7,3,1,1,0,1,8
常规赛,5,篮网,胜,波尔津吉斯,30,8/10,1/2,5/8,2,5,7,1,2,0,1,3,22
常规赛,5,篮网,胜,普理查德,19,0/4,0/4,0/0,0,0,0,2,2,0,1,0,0
常规赛,5,篮网,胜,豪瑟,19,2/3,1/2,0/0,0,1,1,0,3,2,1,0,5
常规赛,5,篮网,胜,科内特,15,5/5,0/0,1/1,0,7,7,0,3,1,0,0,11
常规赛,5,篮网,胜,布里塞特,10,1/4,1/4,2/2,1,2,3,1,0,0,0,0,5
常规赛,6,森林狼,负,霍乐迪,42,4/16,0/4,4/6,3,8,11,6,3,1,3,0,12
常规赛,6,森林狼,负,布朗,39,10/21,3/8,3/4,0,7,7,4,5,1,3,0,26
常规赛,6,森林狼,负,塔特姆,43,12/22,2/8,6/8,0,5,5,2,2,5,6,0,32
常规赛,6,森林狼,负,霍福德,36,1/5,1/4,0/0,2,3,5,4,4,1,2,0,3
常规赛,6,森林狼,负,波尔津吉斯,36,5/14,2/6,8/10,1,4,5,1,5,1,1,1,20
常规赛,6,森林狼,负,豪瑟,25,3/8,3/8,2/2,1,3,4,0,3,1,1,1,11
常规赛,6,森林狼,负,普理查德,20,0/3,0/1,0/0,3,3,6,3,2,0,0,0,0
常规赛,6,森林狼,负,科内特,16,1/2,0/0,3/4,1,0,1,0,2,2,0,0,5
常规赛,6,森林狼,负,史蒂文斯,4,0/1,0/0,0/0,0,1,1,0,0,1,0,0,0
常规赛,6,森林狼,负,米哈伊柳克,4,0/0,0/0,0/0,0,0,0,0,0,0,0,0,0
常规赛,7,76人,负,怀特,38,6/18,3/11,4/4,1,3,4,5,3,2,2,1,19
常规赛,7,76人,负,霍乐迪,35,4/9,2/3,2/2,1,4,5,5,1,1,2,0,12
常规赛,7,76人,负,塔特姆,37,6/14,2/6,2/3,1,14,15,6,2,3,2,0,16
常规赛,7,76人,负,布朗,36,4/13,2/7,1/2,0,2,2,2,2,1,4,1,11
常规赛,7,76人,负,波尔津吉斯,31,10/19,2/6,7/8,4,2,6,3,4,0,0,1,29
常规赛,7,76人,负,霍福德,26,1/6,1/6,0/0,0,5,5,3,1,0,1,2,3
常规赛,7,76人,负,豪瑟,19,5/8,3/6,0/0,0,4,4,0,0,1,0,1,13
常规赛,7,76人,负,普理查德,16,0/4,0/2,0/0,2,0,2,4,0,0,1,0,0
常规赛,7,76人,负,科内特,3,0/0,0/0,0/0,0,0,0,0,0,0,0,0,0
常规赛,8,篮网,胜,霍乐迪,33,6/14,1/5,0/0,3,9,12,9,2,2,0,0,13
常规赛,8,篮网,胜,怀特,27,4/10,2/5,1/2,0,4,4,5,2,0,0,1,11
常规赛,8,篮网,胜,塔特姆,33,6/17,4/11,7/9,1,9,10,3,1,0,2,0,23
常规赛,8,篮网,胜,布朗,29,10/19,5/9,3/5,0,3,3,5,0,1,3,0,28
常规赛,8,篮网,胜,波尔津吉斯,25,2/4,0/2,5/5,0,2,2,2,2,0,0,1,9
常规赛,8,篮网,胜,普理查德,30,5/10,2/7,1/2,4,1,5,3,1,1,0,0,13
常规赛,8,篮网,胜,豪瑟,25,5/10,5/10,0/0,1,1,2,1,1,0,0,0,15
常规赛,8,篮网,胜,科内特,18,3/5,0/0,1/1,6,3,9,1,1,0,0,1,7
常规赛,8,篮网,胜,米哈伊柳克,9,0/1,0/1,0/0,0,1,1,0,1,0,2,0,0
常规赛,8,篮网,胜,布里塞特,8,0/3,0/2,2/4,1,2,3,0,2,1,0,0,2
常规赛,8,篮网,胜,班顿,4,0/1,0/0,0/0,1,0,1,0,0,0,0,0,0
常规赛,9,猛龙,胜,霍乐迪,30,4/9,0/2,0/0,0,3,3,7,2,1,4,2,8
常规赛,9,猛龙,胜,怀特,26,2/5,0/3,0/1,0,4,4,5,2,0,0,1,4
常规赛,9,猛龙,胜,塔特姆,34,10/18,3/9,4/6,0,5,5,4,2,0,1,1,27
常规赛,9,猛龙,胜,布朗,32,12/20,3/8,2/3,1,4,5,2,1,0,2,0,29
常规赛,9,猛龙,胜,波尔津吉斯,28,9/14,3/7,0/1,0,7,7,3,1,0,3,0,21
常规赛,9,猛龙,胜,普理查德,24,2/5,1/2,2/2,3,3,6,4,1,0,1,0,7
常规赛,9,猛龙,胜,霍福德,24,3/5,1/3,0/0,1,6,7,4,2,0,0,0,7
常规赛,9,猛龙,胜,豪瑟,18,4/6,4/6,0/0,0,4,4,0,2,0,0,0,12
常规赛,9,猛龙,胜,科内特,9,1/1,0/0,0/0,0,5,5,1,1,0,0,0,2
常规赛,9,猛龙,胜,班顿,6,0/1,0/1,0/0,0,0,0,0,0,0,0,0,0
常规赛,9,猛龙,胜,米哈伊柳克,5,0/2,0/2,0/0,0,0,0,0,0,0,1,0,0
常规赛,9,猛龙,胜,布里塞特,5,0/0,0/0,0/0,0,0,0,0,0,0,0,0,0
常规赛,10,尼克斯,胜,霍乐迪,37,5/9,3/5,1/1,4,3,7,2,2,0,2,0,14
常规赛,10,尼克斯,胜,怀特,31,1/7,1/3,0/0,1,1,2,4,2,1,1,1,3
常规赛,10,尼克斯,胜,塔特姆,39,13/23,5/12,4/5,1,5,6,7,5,1,3,0,35
常规赛,10,尼克斯,胜,布朗,36,7/18,2/9,6/6,1,4,5,6,3,1,3,1,22
常规赛,10,尼克斯,胜,波尔津吉斯,33,7/11,3/6,4/4,1,5,6,3,5,0,1,1,21
常规赛,10,尼克斯,胜,霍福德,22,1/2,0/1,0/0,0,4,4,0,2,0,1,0,2
常规赛,10,尼克斯,胜,豪瑟,21,4/6,4/6,0/0,0,4,4,2,0,0,0,0,12
常规赛,10,尼克斯,胜,普理查德,19,2/3,1/1,0/0,0,3,3,3,3,0,0,0,5
常规赛,11,76人,胜,怀特,36,7/12,4/8,9/10,0,3,3,5,3,1,2,0,27
常规赛,11,76人,胜,霍乐迪,35,8/18,2/9,0/1,2,8,10,3,0,1,1,2,18
常规赛,11,76人,胜,塔特姆,38,10/23,4/10,5/6,2,6,8,6,1,2,3,0,29
常规赛,11,76人,胜,豪瑟,35,3/9,2/8,0/0,1,1,2,2,2,0,0,1,8
常规赛,11,76人,胜,霍福德,29,5/9,4/8,0/0,1,7,8,3,2,0,0,5,14
常规赛,11,76人,胜,普理查德,23,2/5,1/3,0/0,1,1,2,3,0,0,0,0,5
常规赛,11,76人,胜,科内特,19,4/4,0/0,1/2,3,3,6,1,2,1,2,0,9
常规赛,11,76人,胜,米哈伊柳克,15,2/4,1/3,0/0,1,0,1,0,3,1,1,0,5
常规赛,11,76人,胜,班顿,8,1/4,0/1,0/0,1,4,5,0,2,1,0,0,2
常规赛,12,猛龙,胜,霍乐迪,35,5/14,2/4,2/2,2,6,8,5,2,0,1,0,14
常规赛,12,猛龙,胜,怀特,34,4/10,3/8,2/2,0,4,4,5,1,0,1,0,13
常规赛,12,猛龙,胜,塔特姆,37,8/22,1/11,0/0,1,6,7,2,3,1,3,0,17
常规赛,12,猛龙,胜,布朗,36,9/14,3/5,2/3,0,3,3,4,2,1,3,1,23
常规赛,12,猛龙,胜,波尔津吉斯,35,6/13,0/3,2/2,2,10,12,5,3,1,2,3,14
常规赛,12,猛龙,胜,霍福德,23,4/5,3/4,0/0,1,3,4,2,1,0,0,0,11
常规赛,12,猛龙,胜,豪瑟,23,4/7,3/6,0/0,1,2,3,3,0,1,0,0,11
常规赛,12,猛龙,胜,普理查德,17,2/7,1/5,0/0,1,2,3,3,1,1,0,0,5
常规赛,13,灰熊,胜,霍乐迪,37,2/7,1/3,2/2,2,4,6,4,1,0,2,0,7
常规赛,13,灰熊,胜,怀特,34,3/9,2/5,2/2,1,2,3,4,2,0,2,1,10
常规赛,13,灰熊,胜,塔特姆,35,7/13,1/1,5/6,2,7,9,5,4,1,8,1,20
常规赛,13,灰熊,胜,布朗,34,5/16,1/7,1/2,0,6,6,3,4,2,2,2,12
常规赛,13,灰熊,胜,波尔津吉斯,34,9/13,0/3,8/9,2,6,8,1,4,1,2,6,26
常规赛,13,灰熊,胜,豪瑟,22,5/8,5/7,0/0,0,4,4,0,0,2,0,0,15
常规赛,13,灰熊,胜,霍福德,22,2/5,1/3,0/0,2,1,3,2,2,0,0,0,5
常规赛,13,灰熊,胜,普理查德,15,2/5,1/2,2/4,0,3,3,1,0,0,1,0,7
常规赛,13,灰熊,胜,克塔,5,0/1,0/0,0/0,0,2,2,0,1,0,0,0,0
常规赛,13,灰熊,胜,史蒂文斯,3,0/0,0/0,0/0,0,1,1,0,1,0,0,0,0
常规赛,14,黄蜂,负,霍乐迪,37,5/11,1/3,0/2,3,3,6,5,1,1,7,2,11
常规赛,14,黄蜂,负,布朗,34,5/17,0/5,3/4,1,3,4,3,5,0,2,0,13
常规赛,14,黄蜂,负,塔特姆,44,15/28,7/15,8/10,0,13,13,6,1,0,3,2,45
常规赛,14,黄蜂,负,豪瑟,37,1/9,1/9,0/0,0,1,1,1,3,0,1,0,3
常规赛,14,黄蜂,负,波尔津吉斯,34,5/14,1/8,6/10,3,5,8,0,2,2,0,3,17
常规赛,14,黄蜂,负,普理查德,33,8/14,5/8,0/0,2,4,6,3,1,2,0,0,21
常规赛,14,黄蜂,负,科内特,19,2/2,0/0,0/0,0,3,3,0,0,0,0,1,4
常规赛,14,黄蜂,负,布里塞特,17,0/0,0/0,1/2,2,5,7,1,2,0,0,0,1
常规赛,14,黄蜂,负,米哈伊柳克,9,1/2,1/2,0/0,0,0,0,0,0,1,0,0,3
常规赛,15,雄鹿,胜,怀特,35,5/9,3/6,0/0,0,4,4,5,1,1,6,1,13
常规赛,15,雄鹿,胜,霍乐迪,35,1/8,1/5,2/2,1,7,8,1,3,1,2,1,5
常规赛,15,雄鹿,胜,塔特姆,36,7/17,2/9,7/9,0,11,11,4,2,0,2,1,23
常规赛,15,雄鹿,胜,布朗,35,10/16,3/5,3/3,0,2,2,8,1,1,1,0,26
常规赛,15,雄鹿,胜,波尔津吉斯,27,9/15,2/7,1/2,1,5,6,1,5,0,1,0,21
常规赛,15,雄鹿,胜,霍福德,31,4/7,2/3,1/1,1,7,8,6,1,0,0,1,11
常规赛,15,雄鹿,胜,普理查德,21,4/7,2/4,0/0,0,2,2,1,0,0,2,0,10
常规赛,15,雄鹿,胜,豪瑟,20,4/5,2/3,0/0,1,1,2,1,2,0,1,1,10
常规赛,16,魔术,负,布朗,39,6/22,2/8,4/7,0,3,3,2,3,3,3,1,18
常规赛,16,魔术,负,怀特,37,3/9,1/5,9/12,0,5,5,4,1,1,3,1,16
常规赛,16,魔术,负,塔特姆,39,7/16,0/3,12/13,0,5,5,3,3,2,2,0,26
常规赛,16,魔术,负,霍福德,33,1/5,1/5,0/0,0,5,5,3,4,0,1,0,3
常规赛,16,魔术,负,波尔津吉斯,22,4/9,1/4,0/1,1,3,4,2,3,2,2,0,9
常规赛,16,魔术,负,豪瑟,25,4/6,2/4,0/0,1,1,2,0,0,0,1,0,10
常规赛,16,魔术,负,科内特,25,5/6,0/0,2/2,2,4,6,1,2,2,1,2,12
常规赛,16,魔术,负,普理查德,13,1/2,0/0,0/0,0,1,1,2,0,0,1,0,2
常规赛,16,魔术,负,布里塞特,5,0/0,0/0,0/2,0,0,0,0,2,0,0,0,0
常规赛,16,魔术,负,史蒂文斯,1,0/0,0/0,0/0,0,0,0,0,0,0,0,0,0
常规赛,16,魔术,负,班顿,1,0/1,0/0,0/0,0,0,0,0,0,0,0,0,0
常规赛,17,老鹰,胜,怀特,37,5/13,0/6,5/5,2,2,4,11,5,3,3,0,15
常规赛,17,老鹰,胜,班顿,19,3/5,0/1,2/2,2,3,5,1,4,0,1,0,8
常规赛,17,老鹰,胜,塔特姆,39,11/25,5/13,7/10,1,8,9,4,2,2,6,0,34
常规赛,17,老鹰,胜,布朗,36,9/19,2/7,1/2,1,6,7,3,4,1,2,0,21
常规赛,17,老鹰,胜,霍福德,32,3/8,0/5,0/0,3,12,15,3,1,1,0,2,6
常规赛,17,老鹰,胜,豪瑟,32,4/9,4/9,0/0,2,2,4,2,2,0,0,0,12
常规赛,17,老鹰,胜,普理查德,20,2/6,2/6,0/0,0,2,2,0,0,0,0,0,6
常规赛,17,老鹰,胜,克塔,15,3/8,0/0,1/1,6,4,10,0,0,1,0,0,7
常规赛,17,老鹰,胜,科内特,9,2/2,0/0,0/0,1,1,2,0,1,1,0,1,4
常规赛,18,公牛,胜,霍乐迪,33,5/8,4/5,0/0,1,6,7,9,3,1,3,0,14
常规赛,18,公牛,胜,怀特,28,5/7,2/3,2/2,0,3,3,7,4,2,0,0,14
常规赛,18,公牛,胜,塔特姆,36,8/16,2/8,3/3,1,6,7,4,2,0,4,0,21
常规赛,18,公牛,胜,布朗,35,12/23,3/8,3/5,2,6,8,6,1,0,3,1,30
常规赛,18,公牛,胜,霍福德,28,6/8,4/6,0/0,0,9,9,6,3,2,3,3,16
常规赛,18,公牛,胜,普理查德,23,4/10,3/7,0/0,1,4,5,2,0,1,0,0,11
常规赛,18,公牛,胜,豪瑟,21,3/12,2/10,1/2,4,6,10,2,1,0,2,0,9
常规赛,18,公牛,胜,科内特,19,2/3,0/0,0/0,2,1,3,0,3,0,1,3,4
常规赛,18,公牛,胜,班顿,15,2/3,1/2,0/0,0,0,0,0,1,0,0,1,5
常规赛,19,76人,胜,霍乐迪,35,4/11,3/5,2/2,0,5,5,6,2,1,3,0,13
常规赛,19,76人,胜,怀特,32,5/11,3/4,8/8,1,5,6,5,2,1,1,1,21
常规赛,19,76人,胜,布朗,35,8/20,1/4,3/4,1,3,4,0,3,4,3,2,20
常规赛,19,76人,胜,塔特姆,27,6/9,2/5,7/9,0,7,7,4,1,1,7,1,21
常规赛,19,76人,胜,霍福德,33,7/9,2/4,4/4,2,4,6,3,4,1,1,2,20
常规赛,19,76人,胜,豪瑟,26,3/5,3/4,2/2,1,4,5,1,2,1,3,1,11
常规赛,19,76人,胜,普理查德,23,3/7,2/6,2/2,0,2,2,5,1,1,0,0,10
常规赛,19,76人,胜,克塔,10,1/1,0/0,3/4,2,3,5,0,1,0,2,0,5
常规赛,19,76人,胜,班顿,10,2/4,0/1,0/1,3,2,5,1,1,0,0,1,4
常规赛,19,76人,胜,科内特,8,0/0,0/0,0/0,0,1,1,0,1,0,0,0,0
常规赛,20,步行者,负,霍乐迪,38,3/9,1/5,2/2,1,5,6,3,1,1,1,1,9
常规赛,20,步行者,负,怀特,36,7/16,2/9,2/2,0,4,4,8,4,1,5,1,18
常规赛,20,步行者,负,塔特姆,37,13/26,2/8,4/7,1,11,12,6,2,1,2,0,32
常规赛,20,步行者,负,布朗,31,14/23,2/7,0/1,2,7,9,0,6,1,3,2,30
常规赛,20,步行者,负,霍福德,31,1/3,0/1,0/0,2,5,7,4,1,0,2,1,2
常规赛,20,步行者,负,豪瑟,23,5/9,5/7,0/0,2,4,6,1,2,0,0,0,15
常规赛,20,步行者,负,科内特,17,3/5,0/0,0/0,4,0,4,2,2,1,1,4,6
常规赛,20,步行者,负,普理查德,15,0/5,0/4,0/0,0,4,4,2,0,0,0,0,0
常规赛,20,步行者,负,班顿,11,0/1,0/0,0/0,1,3,4,1,1,0,3,0,0
常规赛,21,尼克斯,胜,霍乐迪,35,7/11,1/3,1/1,0,6,6,5,1,2,1,1,16
常规赛,21,尼克斯,胜,怀特,32,10/16,6/10,4/4,2,1,3,3,4,2,0,2,30
常规赛,21,尼克斯,胜,塔特姆,39,8/18,3/9,6/8,0,6,6,5,3,1,0,0,25
常规赛,21,尼克斯,胜,布朗,27,7/13,2/5,1/1,0,0,0,4,5,1,2,1,17
常规赛,21,尼克斯,胜,波尔津吉斯,29,7/13,3/6,4/4,1,2,3,1,2,2,2,0,21
常规赛,21,尼克斯,胜,霍福德,27,5/8,3/6,1/1,2,8,10,2,1,0,2,0,14
常规赛,21,尼克斯,胜,豪瑟,21,0/5,0/5,1/2,1,2,3,1,1,0,0,1,1
常规赛,21,尼克斯,胜,普理查德,19,2/4,1/3,0/0,1,1,2,2,2,0,0,0,5
常规赛,21,尼克斯,胜,科内特,11,2/3,0/0,0/0,1,0,1,1,0,0,0,0,4
常规赛,22,骑士,胜,怀特,37,5/9,5/8,2/2,0,4,4,4,3,1,1,2,17
常规赛,22,骑士,胜,霍乐迪,34,4/7,3/5,0/0,2,2,4,2,3,3,1,1,11
常规赛,22,骑士,胜,塔特姆,41,7/19,2/9,9/9,0,10,10,5,3,0,4,2,25
常规赛,22,骑士,胜,布朗,35,10/17,1/5,4/4,1,1,2,4,1,1,3,1,25
常规赛,22,骑士,胜,波尔津吉斯,32,5/16,2/6,9/9,3,7,10,3,1,1,3,2,21
常规赛,22,骑士,胜,霍福德,22,1/3,0/2,0/0,2,3,5,1,0,1,0,0,2
常规赛,22,骑士,胜,豪瑟,20,3/5,3/4,0/0,1,2,3,1,1,0,0,0,9
常规赛,22,骑士,胜,普理查德,12,2/5,2/5,0/0,0,3,3,3,1,2,1,1,6
常规赛,22,骑士,胜,科内特,8,1/3,0/0,2/2,3,1,4,0,0,0,0,0,4
常规赛,23,骑士,胜,霍乐迪,37,7/11,1/3,0/0,2,1,3,4,2,0,2,0,15
常规赛,23,骑士,胜,怀特,35,5/10,2/4,2/2,2,3,5,3,0,3,3,0,14
常规赛,23,骑士,胜,塔特姆,36,9/22,3/10,6/8,3,8,11,3,1,0,3,3,27
常规赛,23,骑士,胜,布朗,36,10/20,2/5,0/0,2,3,5,5,3,2,2,0,22
常规赛,23,骑士,胜,波尔津吉斯,31,5/11,1/6,7/8,1,5,6,0,2,1,3,2,18
常规赛,23,骑士,胜,霍福德,24,3/4,1/2,0/0,3,7,10,3,1,0,0,1,7
常规赛,23,骑士,胜,豪瑟,18,3/3,3/3,0/0,0,0,0,1,2,0,0,0,9
常规赛,23,骑士,胜,普理查德,14,0/1,0/1,0/0,0,3,3,2,1,0,0,1,0
常规赛,23,骑士,胜,史蒂文斯,9,1/3,0/2,2/2,0,1,1,1,3,1,0,1,4
常规赛,24,魔术,胜,怀特,30,7/15,3/7,2/2,1,3,4,8,0,4,1,1,19
常规赛,24,魔术,胜,霍乐迪,28,2/7,2/3,0/0,1,3,4,4,2,2,0,1,6
常规赛,24,魔术,胜,塔特姆,39,11/22,2/9,6/9,0,6,6,4,3,0,2,0,30
常规赛,24,魔术,胜,布朗,30,8/15,0/5,2/3,0,3,3,4,0,0,2,1,18
常规赛,24,魔术,胜,史蒂文斯,14,3/7,1/3,1/2,1,2,3,0,2,2,1,1,8
常规赛,24,魔术,胜,豪瑟,31,4/8,3/6,0/0,2,5,7,4,1,4,1,0,11
常规赛,24,魔术,胜,普理查德,28,7/10,6/7,1/2,1,2,3,5,4,1,0,0,21
常规赛,24,魔术,胜,克塔,18,2/3,0/0,0/0,2,1,3,1,6,1,1,3,4
常规赛,24,魔术,胜,布里塞特,16,4/4,1/1,2/2,1,0,1,1,4,0,2,0,11
常规赛,24,魔术,胜,米哈伊柳克,5,0/1,0/1,0/0,0,0,0,0,0,0,0,0,0
常规赛,25,魔术,胜,霍乐迪,34,6/12,2/5,0/0,1,5,6,0,2,0,3,2,14
常规赛,25,魔术,胜,怀特,27,4/9,1/5,1/1,0,5,5,4,1,1,2,3,10
常规赛,25,魔术,胜,布朗,34,12/20,5/8,2/2,1,4,5,6,4,1,2,1,31
常规赛,25,魔术,胜,塔特姆,31,8/21,4/6,3/4,3,5,8,3,3,0,1,1,23
常规赛,25,魔术,胜,波尔津吉斯,29,6/12,2/4,1/1,1,9,10,0,2,1,4,1,15
常规赛,25,魔术,胜,霍福德,24,3/7,2/3,0/0,1,7,8,2,2,0,0,1,8
常规赛,25,魔术,胜,普理查德,21,2/5,1/1,0/0,2,4,6,3,3,0,1,1,5
常规赛,25,魔术,胜,豪瑟,16,2/5,0/3,0/0,1,1,2,0,0,1,1,0,4
常规赛,25,魔术,胜,克塔,16,1/2,0/0,0/0,0,3,3,0,1,0,0,0,2
常规赛,25,魔术,胜,班顿,2,1/2,0/1,0/0,0,0,0,0,0,0,0,0,2
常规赛,25,魔术,胜,布里塞特,2,0/0,0/0,0/0,0,2,2,0,0,0,0,0,0
常规赛,25,魔术,胜,史蒂文斯,2,0/0,0/0,0/0,0,0,0,0,1,0,0,0,0
常规赛,26,勇士,负,怀特,40,11/24,7/18,1/2,2,5,7,3,2,0,0,3,30
常规赛,26,勇士,负,霍乐迪,36,5/12,1/5,2/2,1,6,7,1,5,2,1,0,13
常规赛,26,勇士,负,布朗,41,10/22,1/4,7/8,3,5,8,7,2,0,4,1,28
常规赛,26,勇士,负,塔特姆,41,5/17,2/9,3/3,3,5,8,7,0,2,0,0,15
常规赛,26,勇士,负,霍福德,38,4/14,3/10,2/2,2,10,12,6,1,0,2,1,13
常规赛,26,勇士,负,克塔,21,5/8,0/0,0/0,6,4,10,1,0,1,0,0,10
常规赛,26,勇士,负,豪瑟,21,0/7,0/6,0/0,1,2,3,1,2,0,0,0,0
常规赛,26,勇士,负,普理查德,19,4/6,3/5,0/0,0,0,0,2,1,0,1,0,11
常规赛,26,勇士,负,布里塞特,5,3/3,0/0,0/0,0,0,0,0,0,1,0,0,6
常规赛,26,勇士,负,米哈伊柳克,2,0/1,0/1,0/0,0,0,0,0,0,0,0,0,0
常规赛,27,国王,胜,霍乐迪,34,7/13,4/6,3/3,2,6,8,10,1,2,3,1,21
常规赛,27,国王,胜,怀特,29,10/13,6/9,2/3,1,1,2,7,1,1,1,3,28
常规赛,27,国王,胜,豪瑟,35,4/6,2/4,0/0,0,5,5,1,3,0,0,0,10
常规赛,27,国王,胜,布朗,29,11/21,0/3,6/7,1,4,5,6,2,0,0,0,28
常规赛,27,国王,胜,波尔津吉斯,29,7/11,3/4,7/8,2,7,9,2,3,0,3,6,24
常规赛,27,国王,胜,普理查德,29,6/12,6/11,2/3,0,4,4,4,1,1,1,0,20
常规赛,27,国王,胜,克塔,19,3/8,0/0,0/0,4,4,8,0,5,1,1,0,6
常规赛,27,国王,胜,布里塞特,17,1/1,1/1,0/0,2,3,5,2,0,0,0,0,3
常规赛,27,国王,胜,米哈伊柳克,16,1/6,0/4,0/0,2,2,4,3,1,1,0,0,2
常规赛,27,国王,胜,史蒂文斯,2,1/1,0/0,0/0,0,0,0,0,0,0,0,0,2
常规赛,28,快船,胜,怀特,29,5/12,3/10,5/5,0,3,3,3,2,0,2,3,18
常规赛,28,快船,胜,霍乐迪,28,8/12,4/6,0/0,3,3,6,7,1,1,1,0,20
常规赛,28,快船,胜,塔特姆,30,9/16,5/10,7/9,0,5,5,2,0,1,2,0,30
常规赛,28,快船,胜,布朗,29,9/17,3/6,3/4,3,3,6,2,2,1,3,0,24
常规赛,28,快船,胜,霍福德,27,2/6,2/5,0/0,0,7,7,5,2,1,0,2,6
常规赛,28,快船,胜,普理查德,23,3/8,3/5,0/0,1,3,4,3,3,0,0,0,9
常规赛,28,快船,胜,克塔,23,4/7,0/0,6/8,6,6,12,3,5,0,1,0,14
常规赛,28,快船,胜,豪瑟,19,1/5,1/5,0/0,0,2,2,4,3,0,0,0,3
常规赛,28,快船,胜,布里塞特,18,4/5,3/4,1/2,1,2,3,1,0,0,0,0,12
常规赛,28,快船,胜,史蒂文斯,5,2/3,0/0,0/0,1,1,2,1,0,0,0,0,4
常规赛,28,快船,胜,班顿,4,1/1,0/0,0/0,0,0,0,1,0,0,0,0,2
常规赛,28,快船,胜,彼得森,3,1/1,1/1,0/0,0,0,0,1,1,0,0,0,3
常规赛,28,快船,胜,戴维森,3,0/1,0/1,0/0,0,1,1,0,0,0,0,0,0
常规赛,29,湖人,胜,霍乐迪,38,7/10,3/5,1/1,2,5,7,7,1,1,2,1,18
常规赛,29,湖人,胜,怀特,35,8/13,2/4,0/0,0,2,2,11,3,2,2,2,18
常规赛,29,湖人,胜,塔特姆,41,6/15,1/6,12/13,0,8,8,7,0,0,1,1,25
常规赛,29,湖人,胜,布朗,33,7/17,1/5,4/7,3,2,5,2,3,3,2,0,19
常规赛,29,湖人,胜,波尔津吉斯,35,11/19,2/8,4/7,3,8,11,2,3,1,1,2,28
常规赛,29,湖人,胜,霍福德,23,2/4,2/4,0/0,0,6,6,1,3,0,0,1,6
常规赛,29,湖人,胜,豪瑟,15,1/5,0/4,0/0,1,1,2,0,0,0,0,0,2
常规赛,29,湖人,胜,普理查德,13,4/8,2/6,0/0,2,0,2,0,1,0,0,0,10
常规赛,29,湖人,胜,克塔,7,0/0,0/0,0/0,0,1,1,1,3,1,0,0,0
常规赛,30,活塞,胜,霍乐迪,44,4/9,0/2,4/5,2,7,9,3,1,1,3,1,12
常规赛,30,活塞,胜,怀特,38,9/15,2/4,3/3,1,3,4,5,1,0,2,2,23
常规赛,30,活塞,胜,塔特姆,43,11/31,2/11,7/8,2,5,7,10,4,5,3,0,31
常规赛,30,活塞,胜,霍福德,37,3/4,2/3,0/0,2,3,5,3,1,1,1,1,8
常规赛,30,活塞,胜,波尔津吉斯,36,13/21,3/9,6/7,0,8,8,1,4,1,1,0,35
常规赛,30,活塞,胜,普理查德,24,4/11,1/6,0/0,2,2,4,2,0,1,1,0,9
常规赛,30,活塞,胜,克塔,20,2/2,0/0,1/2,0,2,2,0,4,1,0,0,5
常规赛,30,活塞,胜,豪瑟,18,2/6,1/4,0/0,1,2,3,1,0,0,1,0,5
常规赛,30,活塞,胜,布里塞特,6,0/0,0/0,0/0,1,0,1,0,0,0,0,0,0
常规赛,31,猛龙,胜,怀特,36,5/19,2/10,9/9,1,4,5,7,2,3,3,2,21
常规赛,31,猛龙,胜,霍乐迪,32,5/15,3/5,2/4,0,2,2,3,1,0,1,0,15
常规赛,31,猛龙,胜,布朗,41,11/16,5/6,4/5,1,9,10,6,4,0,7,0,31
常规赛,31,猛龙,胜,豪瑟,34,3/7,3/7,0/0,0,9,9,1,2,0,0,1,9
常规赛,31,猛龙,胜,科内特,33,9/11,0/0,2/2,5,3,8,3,3,0,1,3,20
常规赛,31,猛龙,胜,普理查德,25,3/10,3/8,0/0,3,2,5,6,3,0,2,0,9
常规赛,31,猛龙,胜,布里塞特,15,1/3,0/1,0/0,2,5,7,1,0,0,1,0,2
常规赛,31,猛龙,胜,克塔,14,3/3,0/0,0/0,1,4,5,1,0,0,0,0,6
常规赛,31,猛龙,胜,米哈伊柳克,7,2/3,1/2,0/0,0,1,1,1,2,0,0,0,5
常规赛,31,猛龙,胜,班顿,2,1/1,0/0,0/0,0,0,0,0,0,0,1,0,2
常规赛,32,马刺,胜,布朗,26,9/13,2/2,4/6,1,5,6,3,0,2,2,0,24
常规赛,32,马刺,胜,怀特,26,7/11,3/6,0/0,0,2,2,5,1,0,0,0,17
常规赛,32,马刺,胜,塔特姆,31,10/17,5/10,0/0,1,5,6,2,1,0,3,2,25
常规赛,32,马刺,胜,霍福德,20,3/4,1/2,0/0,1,6,7,4,0,0,0,0,7
常规赛,32,马刺,胜,波尔津吉斯,30,4/14,0/7,6/6,1,8,9,2,2,1,1,2,14
常规赛,32,马刺,胜,布里塞特,21,2/5,0/0,0/1,3,3,6,0,2,2,0,0,4
常规赛,32,马刺,胜,豪瑟,20,4/6,3/5,0/0,0,4,4,1,2,0,1,0,11
常规赛,32,马刺,胜,普理查德,19,4/8,1/5,0/2,1,2,3,7,0,0,0,0,9
常规赛,32,马刺,胜,科内特,16,5/7,0/0,2/2,3,1,4,2,1,0,0,2,12
常规赛,32,马刺,胜,班顿,11,0/2,0/0,4/4,1,3,4,1,2,0,2,0,4
常规赛,32,马刺,胜,米哈伊柳克,8,0/4,0/4,0/0,0,1,1,0,1,1,1,0,0
常规赛,32,马刺,胜,史蒂文斯,7,1/1,0/0,0/0,0,2,2,2,0,0,0,0,2
常规赛,32,马刺,胜,克塔,5,2/2,0/0,1/1,0,2,2,0,0,0,0,1,5
常规赛,33,雷霆,负,霍乐迪,31,2/8,2/5,1/2,1,4,5,7,1,1,3,0,7
常规赛,33,雷霆,负,怀特,28,7/12,5/9,0/0,0,5,5,6,4,1,3,1,19
常规赛,33,雷霆,负,布朗,38,4/18,0/8,7/8,2,4,6,3,5,0,3,0,15
常规赛,33,雷霆,负,塔特姆,38,10/21,2/5,8/10,5,8,13,8,3,1,4,0,30
常规赛,33,雷霆,负,波尔津吉斯,35,12/18,2/3,8/9,6,4,10,2,1,0,1,3,34
常规赛,33,雷霆,负,普理查德,25,2/5,1/4,0/0,1,2,3,4,1,2,0,0,5
常规赛,33,雷霆,负,霍福德,20,3/5,1/3,0/0,0,2,2,3,0,1,0,5,7
常规赛,33,雷霆,负,科内特,15,0/2,0/0,0/0,2,0,2,0,0,1,0,1,0
常规赛,33,雷霆,负,豪瑟,10,2/3,2/3,0/0,0,1,1,0,0,0,0,0,6
常规赛,34,爵士,胜,怀特,26,3/9,2/7,2/2,0,7,7,3,2,1,0,1,10
常规赛,34,爵士,胜,霍乐迪,24,6/8,2/3,0/0,1,5,6,1,1,0,2,2,14
常规赛,34,爵士,胜,布朗,27,5/12,2/4,1/2,0,3,3,5,2,1,3,1,13
常规赛,34,爵士,胜,塔特姆,25,6/12,5/8,13/14,0,9,9,5,1,1,1,1,30
常规赛,34,爵士,胜,波尔津吉斯,27,4/7,1/3,10/12,0,5,5,2,3,0,1,1,19
常规赛,34,爵士,胜,豪瑟,23,5/10,3/7,0/0,1,4,5,1,1,1,0,0,13
常规赛,34,爵士,胜,普理查德,23,3/10,1/7,0/0,1,1,2,4,3,1,3,0,7
常规赛,34,爵士,胜,布里塞特,17,2/5,0/2,2/2,1,2,3,2,3,2,0,0,6
常规赛,34,爵士,胜,米哈伊柳克,15,1/7,1/6,0/0,0,3,3,0,2,0,0,0,3
常规赛,34,爵士,胜,史蒂文斯,12,2/4,0/1,0/0,1,4,5,0,1,1,1,1,4
常规赛,34,爵士,胜,科内特,11,1/3,0/0,0/0,4,3,7,0,1,1,1,1,2
常规赛,34,爵士,胜,班顿,6,1/2,0/1,3/4,0,1,1,1,1,0,0,0,5
常规赛,35,步行者,胜,霍乐迪,37,3/9,1/5,1/2,1,5,6,5,2,1,2,0,8
常规赛,35,步行者,胜,怀特,24,3/6,1/2,0/0,0,5,5,2,5,0,4,1,7
常规赛,35,步行者,胜,塔特姆,38,14/23,8/13,2/4,1,12,13,6,4,1,4,0,38
常规赛,35,步行者,胜,布朗,36,13/20,1/4,4/8,1,3,4,1,0,0,3,1,31
常规赛,35,步行者,胜,波尔津吉斯,6,1/2,0/1,0/0,1,2,3,0,0,1,0,1,2
常规赛,35,步行者,胜,霍福德,30,4/8,2/5,0/2,1,6,7,8,1,1,2,3,10
常规赛,35,步行者,胜,布里塞特,20,3/9,1/3,1/1,5,3,8,0,3,0,0,1,8
常规赛,35,步行者,胜,豪瑟,16,2/6,1/5,0/0,0,4,4,1,4,0,1,0,5
常规赛,35,步行者,胜,科内特,16,1/2,0/0,2/2,3,1,4,3,1,1,1,0,4
常规赛,35,步行者,胜,普理查德,15,2/5,1/3,0/0,0,2,2,0,0,1,0,0,5
常规赛,36,步行者,负,霍乐迪,38,9/16,3/6,0/0,1,5,6,6,2,1,3,0,21
常规赛,36,步行者,负,怀特,36,4/16,2/8,3/3,0,4,4,6,3,0,1,2,13
常规赛,36,步行者,负,布朗,38,17/26,3/4,3/5,1,4,5,2,2,0,5,0,40
常规赛,36,步行者,负,霍福德,32,4/5,3/4,0/0,0,6,6,0,1,0,1,1,11
常规赛,36,步行者,负,波尔津吉斯,38,6/13,1/4,6/7,2,3,5,7,2,0,1,3,19
常规赛,36,步行者,负,普理查德,23,5/6,4/5,0/0,4,3,7,3,2,0,1,0,14
常规赛,36,步行者,负,布里塞特,16,1/4,1/4,3/6,2,4,6,0,3,2,0,0,6
常规赛,36,步行者,负,科内特,10,1/4,0/0,3/4,2,0,2,2,2,0,1,2,5
常规赛,36,步行者,负,米哈伊柳克,5,0/0,0/0,2/4,1,0,1,0,0,0,1,0,2
常规赛,36,步行者,负,班顿,4,0/0,0/0,0/0,0,0,0,0,3,0,1,0,0
常规赛,37,森林狼,胜,怀特,43,3/11,1/5,2/2,2,4,6,6,5,0,2,0,9
常规赛,37,森林狼,胜,霍乐迪,40,5/15,2/10,0/0,1,4,5,4,3,2,2,1,12
常规赛,37,森林狼,胜,布朗,43,9/16,4/7,13/13,1,10,11,3,1,2,2,1,35
常规赛,37,森林狼,胜,塔特姆,42,13/26,6/11,13/14,0,4,4,2,3,1,1,0,45
常规赛,37,森林狼,胜,霍福德,38,3/8,3/6,0/0,1,7,8,5,3,0,1,0,9
常规赛,37,森林狼,胜,科内特,18,3/4,0/0,2/2,2,3,5,0,1,0,0,1,8
常规赛,37,森林狼,胜,豪瑟,18,2/6,2/5,0/0,0,4,4,0,2,0,0,1,6
常规赛,37,森林狼,胜,普理查德,16,1/4,1/3,0/0,0,1,1,1,0,0,0,0,3
常规赛,37,森林狼,胜,布里塞特,5,0/0,0/0,0/0,0,2,2,0,1,0,0,0,0
常规赛,38,雄鹿,负,霍乐迪,19,2/9,0/4,2/2,1,3,4,2,1,0,1,0,6
常规赛,38,雄鹿,负,怀特,17,1/4,0/1,0/0,0,1,1,0,0,0,0,0,2
常规赛,38,雄鹿,负,布朗,18,5/14,0/1,0/0,1,3,4,3,1,0,0,0,10
常规赛,38,雄鹿,负,塔特姆,16,2/6,0/1,3/4,0,1,1,3,2,0,1,0,7
常规赛,38,雄鹿,负,波尔津吉斯,21,3/9,0/3,0/0,1,1,2,4,2,1,1,1,6
常规赛,38,雄鹿,负,普理查德,31,6/13,2/9,7/7,0,4,4,4,1,0,1,1,21
常规赛,38,雄鹿,负,豪瑟,24,4/8,4/8,3/3,1,3,4,0,1,1,1,0,15
常规赛,38,雄鹿,负,史蒂文斯,19,1/6,0/0,3/4,1,3,4,0,2,0,0,1,5
常规赛,38,雄鹿,负,班顿,18,1/5,1/2,1/2,0,1,1,3,1,2,0,1,4
常规赛,38,雄鹿,负,布里塞特,17,4/8,0/3,5/6,0,2,2,1,0,0,0,0,13
常规赛,38,雄鹿,负,米哈伊柳克,17,3/5,2/3,1/2,0,1,1,1,0,1,0,0,9
常规赛,38,雄鹿,负,克塔,13,2/4,0/0,0/0,1,2,3,0,1,0,1,1,4
常规赛,38,雄鹿,负,科内特,10,0/0,0/0,0/0,0,0,0,1,1,0,0,0,0
常规赛,39,火箭,胜,霍乐迪,26,4/10,1/4,2/2,2,4,6,3,2,0,1,0,11
常规赛,39,火箭,胜,怀特,25,5/9,3/5,0/0,1,2,3,5,1,2,0,0,13
常规赛,39,火箭,胜,塔特姆,29,9/17,4/7,5/7,1,7,8,5,2,1,2,1,27
常规赛,39,火箭,胜,布朗,28,11/15,4/6,6/10,1,5,6,2,5,2,3,2,32
常规赛,39,火箭,胜,波尔津吉斯,28,6/11,3/5,2/2,1,6,7,5,3,1,2,3,17
常规赛,39,火箭,胜,普理查德,23,7/10,3/6,2/2,2,2,4,3,1,0,2,0,19
常规赛,39,火箭,胜,霍福德,20,2/3,1/2,2/2,0,4,4,1,0,0,0,1,7
常规赛,39,火箭,胜,豪瑟,20,2/9,2/8,0/0,0,6,6,0,0,0,0,0,6
常规赛,39,火箭,胜,科内特,14,1/2,0/0,0/0,1,1,2,0,5,0,0,1,2
常规赛,39,火箭,胜,米哈伊柳克,9,2/5,2/3,0/0,1,0,1,0,1,0,0,0,6
常规赛,39,火箭,胜,布里塞特,9,2/2,1/1,0/0,0,3,3,2,1,1,0,0,5
常规赛,39,火箭,胜,史蒂文斯,7,0/2,0/0,0/0,0,0,0,0,0,0,1,0,0
常规赛,40,猛龙,胜,怀特,37,7/18,5/11,3/3,0,2,2,1,1,0,3,0,22
常规赛,40,猛龙,胜,霍乐迪,34,7/14,4/6,4/4,1,5,6,7,2,1,1,2,22
常规赛,40,猛龙,胜,塔特姆,37,7/19,1/6,4/4,0,14,14,6,2,1,1,1,19
常规赛,40,猛龙,胜,霍福德,35,4/10,2/4,0/0,2,9,11,2,3,1,1,0,10
常规赛,40,猛龙,胜,波尔津吉斯,32,2/6,1/4,10/12,0,6,6,2,4,0,6,2,15
常规赛,40,猛龙,胜,普理查德,24,1/7,1/6,0/0,0,3,3,2,2,0,0,0,3
常规赛,40,猛龙,胜,科内特,18,2/2,0/0,0/0,0,3,3,0,1,0,0,1,4
常规赛,40,猛龙,胜,豪瑟,16,1/2,1/1,0/0,0,5,5,0,0,0,0,1,3
常规赛,40,猛龙,胜,布里塞特,7,2/4,1/1,2/2,2,1,3,0,1,0,0,0,7
常规赛,41,马刺,胜,霍乐迪,31,8/14,6/7,0/0,0,4,4,4,0,0,1,0,22
常规赛,41,马刺,胜,布朗,31,8/16,3/6,2/2,1,6,7,5,2,1,3,1,21
常规赛,41,马刺,胜,塔特姆,32,9/21,3/8,3/5,0,5,5,2,2,0,2,0,24
常规赛,41,马刺,胜,霍福德,25,3/4,3/4,0/0,0,3,3,0,2,1,0,0,9
常规赛,41,马刺,胜,科内特,30,3/5,0/0,0/0,3,6,9,4,2,1,2,3,6
常规赛,41,马刺,胜,普理查德,27,4/10,2/4,2/2,1,2,3,4,2,1,0,0,12
常规赛,41,马刺,胜,豪瑟,20,3/6,1/4,0/0,0,4,4,2,0,0,2,0,7
常规赛,41,马刺,胜,布里塞特,13,2/5,0/1,3/4,1,3,4,1,0,0,1,0,7
常规赛,41,马刺,胜,克塔,12,2/4,0/0,2/2,4,4,8,0,5,0,0,2,6
常规赛,41,马刺,胜,史蒂文斯,5,0/0,0/0,0/0,0,0,0,0,0,1,1,0,0
常规赛,41,马刺,胜,班顿,4,0/2,0/1,1/2,1,1,2,0,0,0,0,0,1
常规赛,41,马刺,胜,米哈伊柳克,4,0/2,0/2,0/0,0,0,0,0,0,0,0,0,0
常规赛,41,马刺,胜,沃尔什,3,0/1,0/1,0/0,0,4,4,0,0,0,0,0,0
常规赛,41,马刺,胜,戴维森,3,0/0,0/0,2/2,1,0,1,0,0,0,0,0,2
常规赛,42,掘金,负,怀特,36,9/18,5/12,1/1,1,2,3,5,3,2,1,1,24
常规赛,42,掘金,负,霍乐迪,30,3/7,1/3,0/0,1,1,2,3,0,0,1,0,7
常规赛,42,掘金,负,塔特姆,39,9/24,1/8,3/3,2,6,8,5,1,1,0,0,22
常规赛,42,掘金,负,布朗,36,6/19,1/9,0/2,0,2,2,1,3,2,0,0,13
常规赛,42,掘金,负,波尔津吉斯,36,6/11,3/5,6/8,4,4,8,2,4,0,0,1,21
常规赛,42,掘金,负,霍福德,27,2/5,2/5,0/0,3,7,10,2,3,0,0,0,6
常规赛,42,掘金,负,豪瑟,16,0/1,0/1,0/0,0,1,1,1,2,0,0,0,0
常规赛,42,掘金,负,普理查德,12,1/2,1/1,0/0,1,1,2,1,1,0,0,0,3
常规赛,42,掘金,负,科内特,8,2/2,0/0,0/0,0,2,2,1,0,0,0,0,4
常规赛,43,火箭,胜,怀特,36,9/19,3/8,0/0,2,9,11,3,2,0,3,2,21
常规赛,43,火箭,胜,布朗,31,6/14,1/3,0/2,0,11,11,10,0,3,3,0,13
常规赛,43,火箭,胜,塔特姆,35,4/17,1/6,9/12,1,6,7,3,0,1,2,0,18
常规赛,43,火箭,胜,豪瑟,31,3/12,3/12,0/0,2,5,7,6,0,1,1,1,9
常规赛,43,火箭,胜,波尔津吉斯,33,11/21,6/11,4/4,4,2,6,1,5,1,3,5,32
常规赛,43,火箭,胜,普理查德,30,3/6,3/5,0/0,1,1,2,4,1,2,0,0,9
常规赛,43,火箭,胜,科内特,23,4/4,0/0,0/0,5,4,9,1,3,1,1,3,8
常规赛,43,火箭,胜,布里塞特,18,3/5,0/2,0/0,1,1,2,3,4,0,3,1,6
常规赛,43,火箭,胜,克塔,3,0/0,0/0,0/0,0,0,0,0,2,1,0,0,0
常规赛,44,独行侠,胜,霍乐迪,38,6/13,5/12,0/0,0,7,7,6,2,0,1,1,17
常规赛,44,独行侠,胜,怀特,34,2/12,1/7,1/2,0,4,4,1,3,2,1,1,6
常规赛,44,独行侠,胜,塔特姆,41,11/21,2/8,15/19,0,11,11,5,4,3,0,2,39
常规赛,44,独行侠,胜,布朗,37,13/22,2/7,6/9,1,2,3,4,5,0,0,2,34
常规赛,44,独行侠,胜,霍福德,31,4/7,3/6,0/0,1,5,6,3,2,1,1,0,11
常规赛,44,独行侠,胜,普理查德,24,2/7,1/4,0/0,1,6,7,6,1,1,1,1,5
常规赛,44,独行侠,胜,科内特,19,1/3,0/0,0/0,1,4,5,1,2,0,2,1,2
常规赛,44,独行侠,胜,豪瑟,15,2/3,1/2,0/0,1,0,1,0,1,0,0,0,5
常规赛,45,热火,胜,怀特,29,6/12,3/9,0/0,2,4,6,6,0,0,1,2,15
常规赛,45,热火,胜,霍乐迪,29,7/8,3/4,0/0,0,5,5,5,1,0,3,1,17
常规赛,45,热火,胜,塔特姆,32,7/15,3/7,9/10,1,7,8,4,1,0,1,0,26
常规赛,45,热火,胜,布朗,27,7/11,4/8,0/0,1,3,4,5,1,3,3,0,18
常规赛,45,热火,胜,波尔津吉斯,21,6/9,3/4,4/4,0,4,4,1,1,0,0,0,19
常规赛,45,热火,胜,普理查德,23,4/7,1/2,2/2,0,3,3,3,0,0,0,0,11
常规赛,45,热火,胜,霍福德,22,3/4,2/3,0/0,0,7,7,6,2,0,1,1,8
常规赛,45,热火,胜,科内特,19,4/4,0/0,4/4,1,4,5,1,1,0,0,0,12
常规赛,45,热火,胜,豪瑟,12,2/2,1/1,0/0,0,0,0,1,0,0,1,0,5
常规赛,45,热火,胜,班顿,7,0/1,0/0,0/0,0,0,0,2,1,1,0,0,0
常规赛,45,热火,胜,史蒂文斯,4,1/3,0/0,0/0,0,1,1,1,0,0,1,0,2
常规赛,45,热火,胜,克塔,4,0/0,0/0,0/0,0,1,1,0,2,0,0,1,0
常规赛,45,热火,胜,布里塞特,3,2/2,0/0,0/0,1,1,2,0,0,0,0,0,4
常规赛,45,热火,胜,沃尔什,3,0/0,0/0,0/0,0,1,1,1,0,0,0,0,0
常规赛,45,热火,胜,米哈伊柳克,3,2/2,2/2,0/0,0,0,0,0,0,0,0,0,6
常规赛,46,快船,负,霍乐迪,28,2/11,1/7,2/2,0,3,3,4,1,1,2,0,7
常规赛,46,快船,负,怀特,24,0/8,0/4,2/2,0,2,2,2,2,0,1,3,2
常规赛,46,快船,负,塔特姆,30,8/18,2/4,3/3,3,8,11,1,2,0,3,1,21
常规赛,46,快船,负,布朗,24,3/13,0/2,2/2,5,1,6,2,3,0,1,1,8
常规赛,46,快船,负,霍福德,19,0/5,0/4,0/0,0,2,2,1,1,0,1,0,0
常规赛,46,快船,负,普理查德,21,4/8,3/7,1/1,0,4,4,2,1,0,0,0,12
常规赛,46,快船,负,豪瑟,20,2/5,2/4,0/0,0,3,3,1,1,0,0,1,6
常规赛,46,快船,负,科内特,18,5/10,0/0,1/1,4,1,5,0,2,0,0,1,11
常规赛,46,快船,负,布里塞特,16,2/5,0/1,1/2,1,4,5,2,0,0,1,0,5
常规赛,46,快船,负,克塔,12,4/4,0/0,0/0,2,3,5,1,0,0,0,2,8
常规赛,46,快船,负,班顿,12,1/4,0/2,0/0,0,0,0,3,0,0,1,0,2
常规赛,46,快船,负,米哈伊柳克,8,2/5,2/5,0/0,0,1,1,1,0,1,0,0,6
常规赛,46,快船,负,史蒂文斯,8,3/4,0/0,2/3,3,2,5,1,0,0,1,0,8
常规赛,47,鹈鹕,胜,怀特,35,6/14,4/10,1/2,0,1,1,4,2,1,1,1,17
常规赛,47,鹈鹕,胜,霍乐迪,33,7/11,3/5,3/4,2,1,3,2,1,1,1,0,20
常规赛,47,鹈鹕,胜,塔特姆,37,10/18,2/8,6/7,0,10,10,8,1,3,7,1,28
常规赛,47,鹈鹕,胜,布朗,37,8/15,1/5,5/7,2,9,11,7,3,0,0,1,22
常规赛,47,鹈鹕,胜,霍福德,36,4/9,3/6,0/0,1,7,8,4,1,0,0,1,11
常规赛,47,鹈鹕,胜,豪瑟,26,4/8,3/7,0/0,0,0,0,1,0,1,0,0,11
常规赛,47,鹈鹕,胜,普理查德,14,2/5,1/4,0/0,0,0,0,0,3,1,1,0,5
常规赛,47,鹈鹕,胜,布里塞特,11,0/1,0/1,0/0,1,4,5,0,3,0,0,0,0
常规赛,47,鹈鹕,胜,克塔,10,2/4,0/0,0/0,0,2,2,1,1,0,1,1,4
常规赛,48,步行者,胜,霍乐迪,39,6/8,3/3,2/2,0,5,5,4,0,1,1,3,17
常规赛,48,步行者,胜,怀特,35,8/16,4/7,4/4,0,2,2,5,2,1,0,1,24
常规赛,48,步行者,胜,塔特姆,39,12/19,4/9,2/3,0,7,7,7,2,1,2,2,30
常规赛,48,步行者,胜,布朗,36,9/15,0/3,7/8,2,4,6,2,0,2,0,0,25
常规赛,48,步行者,胜,波尔津吉斯,31,6/17,2/6,3/4,4,8,12,2,5,0,4,1,17
常规赛,48,步行者,胜,豪瑟,23,3/5,3/5,0/0,0,2,2,1,3,1,2,0,9
常规赛,48,步行者,胜,普理查德,16,1/4,1/3,0/0,1,3,4,3,2,0,0,0,3
常规赛,48,步行者,胜,克塔,14,2/3,0/0,0/1,0,1,1,1,1,0,1,2,4
常规赛,48,步行者,胜,布里塞特,6,0/0,0/0,0/0,0,1,1,0,1,0,0,0,0
常规赛,49,湖人,负,怀特,33,4/11,1/5,0/0,1,3,4,6,3,0,2,2,9
常规赛,49,湖人,负,霍乐迪,29,4/9,0/2,0/0,2,5,7,7,3,0,4,0,8
常规赛,49,湖人,负,塔特姆,37,8/21,5/10,2/2,2,5,7,3,3,1,2,1,23
常规赛,49,湖人,负,布朗,27,4/12,0/3,0/0,3,5,8,7,5,1,3,0,8
常规赛,49,湖人,负,波尔津吉斯,29,7/15,1/7,2/2,1,6,7,3,1,1,3,5,17
常规赛,49,湖人,负,霍福德,24,2/6,2/6,0/0,0,9,9,1,0,1,0,2,6
常规赛,49,湖人,负,豪瑟,23,6/11,5/9,0/0,0,3,3,0,1,0,0,0,17
常规赛,49,湖人,负,普理查德,21,3/6,2/5,0/0,0,0,0,1,1,0,1,1,8
常规赛,49,湖人,负,克塔,13,3/5,0/0,1/1,4,3,7,1,2,0,0,1,7
常规赛,49,湖人,负,班顿,2,0/0,0/0,2/2,0,1,1,1,0,0,0,0,2
常规赛,49,湖人,负,布里塞特,2,0/1,0/1,0/0,1,0,1,0,0,0,0,0,0
常规赛,50,灰熊,胜,怀特,28,5/10,4/8,1/2,1,2,3,3,1,1,1,1,15
常规赛,50,灰熊,胜,霍乐迪,27,2/6,1/3,2/2,0,3,3,4,1,1,2,0,7
常规赛,50,灰熊,胜,塔特姆,31,12/22,6/12,4/4,1,7,8,7,1,1,2,0,34
常规赛,50,灰熊,胜,霍福德,23,5/9,1/5,0/0,0,5,5,2,1,2,1,0,11
常规赛,50,灰熊,胜,波尔津吉斯,28,10/17,2/5,4/5,2,6,8,2,2,1,1,2,26
常规赛,50,灰熊,胜,豪瑟,24,1/3,1/3,0/0,0,3,3,1,1,0,0,0,3
常规赛,50,灰熊,胜,普理查德,15,2/8,0/6,2/2,1,1,2,3,2,1,1,0,6
常规赛,50,灰熊,胜,科内特,15,0/2,0/0,2/2,5,3,8,1,0,0,1,1,2
常规赛,50,灰熊,胜,布里塞特,11,2/4,1/1,1/1,1,2,3,1,1,1,1,0,6
常规赛,50,灰熊,胜,克塔,10,4/4,0/0,0/0,4,4,8,0,0,2,0,0,8
常规赛,50,灰熊,胜,沃尔什,9,1/1,0/0,0/0,1,0,1,1,2,1,0,0,2
常规赛,50,灰熊,胜,班顿,7,0/4,0/2,0/0,0,1,1,2,0,0,0,0,0
常规赛,50,灰熊,胜,米哈伊柳克,7,2/5,2/5,0/0,0,2,2,3,0,0,0,0,6
常规赛,50,灰熊,胜,史蒂文斯,7,2/4,1/1,0/0,1,1,2,0,1,0,0,0,5
常规赛,51,老鹰,胜,怀特,35,8/14,5/10,0/0,1,5,6,7,2,1,2,1,21
常规赛,51,老鹰,胜,布朗,34,7/11,0/2,1/1,0,6,6,6,4,1,2,0,15
常规赛,51,老鹰,胜,霍福德,36,5/12,4/9,0/0,2,6,8,8,1,2,1,4,14
常规赛,51,老鹰,胜,塔特姆,36,8/21,2/13,2/2,0,9,9,7,3,1,3,0,20
常规赛,51,老鹰,胜,波尔津吉斯,31,13/19,2/4,3/4,0,3,3,1,2,0,2,2,31
常规赛,51,老鹰,胜,豪瑟,25,3/8,2/6,2/2,2,3,5,0,1,0,2,0,10
常规赛,51,老鹰,胜,科内特,21,2/2,0/0,0/0,1,5,6,0,2,0,0,2,4
常规赛,51,老鹰,胜,普理查德,16,3/5,2/4,0/0,0,2,2,2,1,1,2,0,8
常规赛,51,老鹰,胜,布里塞特,6,0/1,0/1,2/2,0,0,0,2,0,0,0,0,2
常规赛,52,奇才,胜,霍乐迪,34,9/13,2/2,0/0,3,4,7,5,2,1,2,0,20
常规赛,52,奇才,胜,怀特,33,2/6,0/4,0/0,0,2,2,6,4,3,3,1,4
常规赛,52,奇才,胜,塔特姆,38,12/22,3/10,8/9,1,9,10,8,1,1,2,2,35
常规赛,52,奇才,胜,布朗,35,9/15,0/1,0/0,1,6,7,3,3,1,3,0,18
常规赛,52,奇才,胜,波尔津吉斯,33,9/18,2/4,14/14,2,9,11,0,3,0,3,1,34
常规赛,52,奇才,胜,霍福德,23,2/5,1/2,1/2,2,3,5,1,1,2,0,0,6
常规赛,52,奇才,胜,普理查德,17,4/7,2/5,1/1,0,6,6,1,0,0,0,0,11
常规赛,52,奇才,胜,豪瑟,16,1/6,1/6,2/2,0,1,1,1,1,1,0,0,5
常规赛,52,奇才,胜,科内特,11,0/0,0/0,0/0,0,0,0,0,2,0,0,1,0
常规赛,53,热火,胜,怀特,38,3/9,0/5,0/0,0,2,2,4,2,0,1,1,6
常规赛,53,热火,胜,霍乐迪,35,5/8,5/6,0/0,1,2,3,6,3,1,0,1,15
常规赛,53,热火,胜,塔特姆,39,11/20,2/6,2/2,1,9,10,9,1,0,1,2,26
常规赛,53,热火,胜,布朗,37,8/16,3/8,1/4,3,6,9,2,1,0,6,0,20
常规赛,53,热火,胜,波尔津吉斯,32,8/14,2/4,7/9,0,9,9,3,4,0,1,2,25
常规赛,53,热火,胜,霍福德,25,1/5,0/2,2/2,0,5,5,0,1,0,0,3,4
常规赛,53,热火,胜,普理查德,15,3/5,2/4,0/0,1,2,3,2,0,0,0,0,8
常规赛,53,热火,胜,豪瑟,15,2/4,2/4,0/0,0,0,0,0,1,0,0,0,6
常规赛,53,热火,胜,科内特,2,0/0,0/0,0/0,0,0,0,0,0,0,0,0,0
常规赛,53,热火,胜,布里塞特,2,0/0,0/0,0/0,0,1,1,1,0,0,0,0,0
常规赛,54,篮网,胜,怀特,38,6/11,3/6,1/1,0,2,2,3,1,0,2,0,16
常规赛,54,篮网,胜,霍乐迪,35,6/10,2/4,0/0,0,5,5,12,5,2,3,0,14
常规赛,54,篮网,胜,塔特姆,39,14/26,5/11,8/8,0,14,14,5,3,2,2,1,41
常规赛,54,篮网,胜,布朗,37,7/19,1/6,4/6,1,0,1,4,5,1,4,0,19
常规赛,54,篮网,胜,霍福德,37,6/6,2/2,2/2,1,5,6,4,0,1,0,0,16
常规赛,54,篮网,胜,普理查德,15,1/6,1/5,0/0,1,2,3,1,3,0,1,0,3
常规赛,54,篮网,胜,科内特,15,2/2,0/0,1/2,2,3,5,1,5,0,1,0,5
常规赛,54,篮网,胜,豪瑟,14,1/3,1/3,0/0,1,1,2,0,2,0,0,0,3
常规赛,54,篮网,胜,布里塞特,9,0/0,0/0,1/4,1,0,1,1,0,0,0,0,1
常规赛,55,篮网,胜,怀特,28,10/16,5/10,2/2,0,5,5,4,2,1,2,0,27
常规赛,55,篮网,胜,霍乐迪,24,1/3,1/2,0/0,1,3,4,5,0,0,0,0,3
常规赛,55,篮网,胜,豪瑟,29,5/8,4/7,0/0,0,5,5,2,0,1,0,0,14
常规赛,55,篮网,胜,塔特姆,28,7/16,2/7,4/5,1,6,7,9,0,0,1,0,20
常规赛,55,篮网,胜,波尔津吉斯,16,6/9,3/4,0/0,0,5,5,1,0,0,1,1,15
常规赛,55,篮网,胜,普理查德,32,11/16,6/9,0/0,1,3,4,3,1,0,0,0,28
常规赛,55,篮网,胜,布里塞特,20,3/6,1/3,4/5,0,4,4,5,1,1,0,0,11
常规赛,55,篮网,胜,科内特,19,4/5,0/0,0/0,4,4,8,3,2,1,0,3,8
常规赛,55,篮网,胜,沃尔什,18,0/3,0/2,0/0,1,4,5,0,3,1,2,1,0
常规赛,55,篮网,胜,米哈伊柳克,13,1/2,0/0,0/0,0,0,0,0,1,0,1,0,2
常规赛,55,篮网,胜,克塔,13,4/6,0/0,0/0,2,2,4,0,3,1,1,0,8
常规赛,56,公牛,胜,怀特,33,9/14,5/10,5/5,0,3,3,5,1,2,2,3,28
常规赛,56,公牛,胜,霍乐迪,29,3/5,2/3,1/2,0,3,3,6,3,2,2,1,9
常规赛,56,公牛,胜,塔特姆,35,8/17,5/10,4/6,0,7,7,5,3,3,3,0,25
常规赛,56,公牛,胜,布朗,33,7/12,3/5,4/6,0,5,5,5,2,1,2,1,21
常规赛,56,公牛,胜,波尔津吉斯,30,5/16,2/9,2/2,0,4,4,1,4,1,1,3,14
常规赛,56,公牛,胜,霍福德,23,0/1,0/0,0/0,1,4,5,0,1,0,1,1,0
常规赛,56,公牛,胜,普理查德,20,3/6,3/6,0/0,0,3,3,1,0,0,2,0,9
常规赛,56,公牛,胜,豪瑟,14,3/3,2/2,0/0,0,1,1,1,0,0,0,1,8
常规赛,56,公牛,胜,科内特,14,5/6,0/0,0/0,4,0,4,2,1,1,0,0,10
常规赛,56,公牛,胜,蒂尔曼,3,1/1,0/0,0/0,0,0,0,0,1,0,0,1,2
常规赛,56,公牛,胜,斯普林格,2,0/1,0/1,0/0,0,0,0,0,0,0,0,0,0
常规赛,56,公牛,胜,布里塞特,2,0/0,0/0,0/0,0,0,0,0,0,0,0,0,0
常规赛,56,公牛,胜,米哈伊柳克,2,1/1,1/1,0/0,0,1,1,1,0,0,0,0,3
常规赛,57,尼克斯,胜,霍乐迪,35,5/10,2/6,0/0,0,1,1,6,2,2,1,1,12
常规赛,57,尼克斯,胜,怀特,32,5/8,3/5,0/0,1,2,3,6,1,2,0,0,13
常规赛,57,尼克斯,胜,塔特姆,43,7/15,2/8,3/4,1,5,6,6,3,2,4,1,19
常规赛,57,尼克斯,胜,布朗,35,13/24,3/9,1/3,0,8,8,3,2,1,0,0,30
常规赛,57,尼克斯,胜,波尔津吉斯,32,7/11,3/4,5/5,2,2,4,4,3,0,1,1,22
常规赛,57,尼克斯,胜,霍福德,26,5/7,0/0,0/0,4,3,7,0,2,0,0,1,10
常规赛,57,尼克斯,胜,普理查德,15,1/3,0/1,0/0,2,0,2,2,2,1,1,0,2
常规赛,57,尼克斯,胜,豪瑟,10,2/2,2/2,0/0,1,2,3,0,1,0,0,0,6
常规赛,57,尼克斯,胜,科内特,10,1/1,0/0,0/0,0,2,2,0,0,0,0,0,2
常规赛,57,尼克斯,胜,斯普林格,1,0/0,0/0,0/0,0,0,0,0,0,0,0,0,0
常规赛,58,76人,胜,霍乐迪,35,6/8,1/1,0/0,3,4,7,4,0,1,4,2,13
常规赛,58,76人,胜,怀特,30,2/6,0/2,2/2,0,6,6,6,0,2,2,3,6
常规赛,58,76人,胜,塔特姆,35,9/20,1/7,10/11,0,11,11,8,1,0,1,1,29
常规赛,58,76人,胜,布朗,35,11/14,1/2,8/10,1,5,6,1,4,1,4,0,31
常规赛,58,76人,胜,波尔津吉斯,31,5/12,1/2,12/12,4,8,12,1,1,1,1,1,23
常规赛,58,76人,胜,豪瑟,21,1/2,1/2,0/0,0,5,5,0,4,0,1,1,3
常规赛,58,76人,胜,霍福德,21,4/6,0/2,0/0,0,5,5,1,1,1,0,1,8
常规赛,58,76人,胜,普理查德,16,1/4,0/3,0/0,0,2,2,0,1,1,1,0,2
常规赛,58,76人,胜,科内特,11,0/0,0/0,2/2,0,1,1,0,3,0,0,0,2
常规赛,58,76人,胜,布里塞特,3,0/1,0/1,0/0,0,0,0,0,0,0,0,0,0
常规赛,58,76人,胜,斯普林格,2,0/1,0/0,0/0,1,0,1,0,1,0,0,0,0
常规赛,59,独行侠,胜,怀特,32,5/10,3/6,0/0,1,6,7,8,2,1,2,2,13
常规赛,59,独行侠,胜,霍乐迪,27,4/6,3/3,0/0,0,2,2,7,1,2,0,1,11
常规赛,59,独行侠,胜,塔特姆,37,10/19,5/9,7/7,0,8,8,3,2,0,4,0,32
常规赛,59,独行侠,胜,布朗,31,11/20,2/5,1/1,1,6,7,5,3,1,0,0,25
常规赛,59,独行侠,胜,波尔津吉斯,29,8/14,4/8,4/4,3,3,6,2,2,0,0,1,24
常规赛,59,独行侠,胜,霍福德,28,5/8,2/5,0/0,1,7,8,3,1,0,1,2,12
常规赛,59,独行侠,胜,普理查德,16,4/7,2/4,0/0,1,1,2,1,2,0,1,0,10
常规赛,59,独行侠,胜,豪瑟,15,0/3,0/3,0/0,0,4,4,1,1,0,0,0,0
常规赛,59,独行侠,胜,蒂尔曼,15,3/3,0/0,0/0,0,1,1,2,1,0,0,1,6
常规赛,59,独行侠,胜,布里塞特,4,1/2,0/0,1/1,0,0,0,0,0,0,0,1,3
常规赛,59,独行侠,胜,米哈伊柳克,4,0/0,0/0,0/0,1,0,1,1,0,0,1,0,0
常规赛,59,独行侠,胜,斯普林格,2,1/2,0/0,0/0,1,0,1,0,0,0,0,0,2
常规赛,60,勇士,胜,霍乐迪,26,3/7,1/3,0/0,1,5,6,4,2,0,0,1,7
常规赛,60,勇士,胜,怀特,20,5/6,4/5,0/0,0,3,3,8,1,1,0,0,14
常规赛,60,勇士,胜,塔特姆,25,9/13,4/5,5/5,0,3,3,5,2,1,0,1,27
常规赛,60,勇士,胜,布朗,22,11/19,5/10,2/2,1,2,3,3,2,1,1,0,29
常规赛,60,勇士,胜,霍福德,21,3/5,1/2,0/0,0,4,4,4,2,1,0,0,7
常规赛,60,勇士,胜,普理查德,27,8/12,3/5,0/0,0,6,6,6,3,2,2,0,19
常规赛,60,勇士,胜,豪瑟,20,4/9,4/9,0/0,0,5,5,0,3,0,1,1,12
常规赛,60,勇士,胜,布里塞特,19,3/7,0/1,0/2,1,7,8,2,2,2,2,1,6
常规赛,60,勇士,胜,米哈伊柳克,19,3/8,2/6,0/0,2,2,4,2,0,1,0,0,8
常规赛,60,勇士,胜,蒂尔曼,18,2/4,1/2,2/2,0,4,4,0,1,1,0,0,7
常规赛,60,勇士,胜,斯普林格,12,1/4,0/1,0/0,1,1,2,1,1,0,1,0,2
常规赛,60,勇士,胜,科内特,11,1/2,0/0,0/0,1,2,3,0,0,0,0,1,2
常规赛,61,骑士,负,霍乐迪,36,5/9,2/6,0/0,2,2,4,5,1,2,4,0,12
常规赛,61,骑士,负,怀特,35,1/5,0/2,1/1,2,4,6,7,0,0,2,4,3
常规赛,61,骑士,负,塔特姆,38,8/21,5/9,5/6,2,11,13,2,3,0,2,0,26
常规赛,61,骑士,负,布朗,37,8/20,3/7,2/2,2,1,3,4,3,0,1,0,21
常规赛,61,骑士,负,波尔津吉斯,32,9/18,3/6,3/3,2,7,9,3,2,2,1,3,24
常规赛,61,骑士,负,霍福德,20,3/8,1/4,0/0,2,3,5,0,1,1,1,0,7
常规赛,61,骑士,负,科内特,16,2/4,0/0,0/0,0,3,3,1,1,0,0,2,4
常规赛,61,骑士,负,豪瑟,14,2/5,1/3,0/0,1,4,5,1,1,1,0,0,5
常规赛,61,骑士,负,普理查德,13,1/3,0/1,0/0,1,4,5,1,1,0,2,0,2
常规赛,62,掘金,负,怀特,37,3/8,0/4,1/1,1,4,5,6,4,1,1,1,7
常规赛,62,掘金,负,霍乐迪,35,5/10,2/6,0/0,1,3,4,2,2,0,1,0,12
常规赛,62,掘金,负,布朗,41,16/29,2/7,7/14,6,8,14,4,4,2,2,0,41
常规赛,62,掘金,负,塔特姆,39,5/13,2/5,3/4,1,3,4,8,4,2,5,0,15
常规赛,62,掘金,负,波尔津吉斯,35,9/23,3/10,3/4,2,10,12,2,2,1,3,1,24
常规赛,62,掘金,负,霍福德,19,0/2,0/1,2/2,1,3,4,0,1,0,0,0,2
常规赛,62,掘金,负,蒂尔曼,13,1/2,0/1,0/0,1,3,4,1,0,0,0,0,2
常规赛,62,掘金,负,普理查德,11,0/1,0/1,0/0,0,0,0,0,1,0,0,0,0
常规赛,62,掘金,负,豪瑟,10,2/3,2/3,0/0,0,0,0,1,0,0,0,1,6
常规赛,63,太阳,胜,霍乐迪,36,5/7,3/5,2/2,0,3,3,6,1,2,3,1,15
常规赛,63,太阳,胜,怀特,35,5/8,0/3,0/0,2,3,5,9,3,0,2,1,10
常规赛,63,太阳,胜,塔特姆,42,11/28,5/9,2/2,3,7,10,7,0,1,4,0,29
常规赛,63,太阳,胜,布朗,34,10/21,3/7,4/7,1,2,3,3,1,2,2,0,27
常规赛,63,太阳,胜,霍福德,32,4/12,1/7,0/0,3,9,12,3,4,1,1,0,9
常规赛,63,太阳,胜,普理查德,23,4/6,2/4,0/0,1,1,2,1,0,1,0,0,10
常规赛,63,太阳,胜,科内特,20,6/7,0/0,2/2,3,3,6,0,2,0,0,1,14
常规赛,63,太阳,胜,豪瑟,18,1/5,1/4,0/0,0,2,2,0,0,0,0,1,3
常规赛,63,太阳,胜,戴维森,0,0/0,0/0,0/0,0,0,0,0,0,0,0,0,0
常规赛,63,太阳,胜,斯普林格,0,0/0,0/0,0/0,0,0,0,0,1,0,0,0,0
常规赛,64,开拓者,胜,怀特,34,5/14,1/5,0/0,2,4,6,5,3,2,1,3,11
常规赛,64,开拓者,胜,普理查德,30,5/11,1/4,0/0,1,7,8,8,0,0,0,0,11
常规赛,64,开拓者,胜,塔特姆,36,9/23,2/8,6/8,0,5,5,8,0,0,1,0,26
常规赛,64,开拓者,胜,布朗,33,13/29,1/8,0/0,3,3,6,5,3,1,0,0,27
常规赛,64,开拓者,胜,霍福德,30,4/4,3/3,0/0,0,4,4,4,1,1,0,3,11
常规赛,64,开拓者,胜,豪瑟,32,8/12,6/10,0/0,0,2,2,0,0,2,0,1,22
常规赛,64,开拓者,胜,科内特,21,3/3,0/0,0/0,3,2,5,2,0,0,1,2,6
常规赛,64,开拓者,胜,布里塞特,19,1/2,0/1,1/2,4,3,7,1,3,0,0,0,3
常规赛,64,开拓者,胜,戴维森,2,1/1,1/1,0/0,0,1,1,0,1,0,0,0,3
常规赛,64,开拓者,胜,克塔,2,0/1,0/0,1/2,1,0,1,1,0,0,0,1,1
常规赛,64,开拓者,胜,斯普林格,2,0/0,0/0,0/0,0,0,0,0,0,1,0,0,0
常规赛,65,爵士,胜,霍乐迪,38,6/12,2/7,2/2,1,4,5,8,1,2,1,1,16
常规赛,65,爵士,胜,怀特,35,8/17,7/11,1/1,0,6,6,3,3,1,3,3,24
常规赛,65,爵士,胜,豪瑟,34,5/13,4/11,0/0,1,4,5,2,3,1,0,2,14
常规赛,65,爵士,胜,塔特姆,34,13/25,4/10,8/8,2,4,6,2,3,0,3,1,38
常规赛,65,爵士,胜,科内特,28,4/7,0/0,4/4,4,5,9,6,2,0,0,1,12
常规赛,65,爵士,胜,蒂尔曼,27,3/5,1/1,0/0,4,4,8,1,0,1,0,0,7
常规赛,65,爵士,胜,普理查德,25,3/12,2/9,2/2,0,2,2,2,2,0,1,0,10
常规赛,65,爵士,胜,布里塞特,17,1/1,0/0,0/2,2,3,5,1,0,0,0,0,2
常规赛,66,太阳,胜,怀特,33,5/13,3/9,0/0,1,7,8,5,1,2,0,1,13
常规赛,66,太阳,胜,霍乐迪,33,3/5,3/5,0/0,0,0,0,10,1,2,0,2,9
常规赛,66,太阳,胜,布朗,33,14/23,5/9,4/6,0,5,5,3,2,2,1,0,37
常规赛,66,太阳,胜,塔特姆,33,10/18,4/8,2/3,1,4,5,5,3,0,3,0,26
常规赛,66,太阳,胜,霍福德,33,8/14,6/10,2/2,2,1,3,3,1,3,1,1,24
常规赛,66,太阳,胜,豪瑟,23,3/7,2/5,0/0,0,4,4,2,0,1,0,0,8
常规赛,66,太阳,胜,普理查德,19,1/3,1/1,0/0,1,2,3,1,1,1,3,0,3
常规赛,66,太阳,胜,蒂尔曼,18,2/4,1/3,0/0,1,3,4,1,3,0,0,1,5
常规赛,66,太阳,胜,科内特,12,1/2,0/0,0/0,0,1,1,1,1,1,0,0,2
常规赛,66,太阳,胜,布里塞特,3,0/0,0/0,0/0,0,0,0,0,0,0,0,0,0
常规赛,67,奇才,胜,豪瑟,23,10/13,10/13,0/0,0,6,6,1,1,1,0,0,30
常规赛,67,奇才,胜,霍乐迪,22,3/7,1/2,0/0,0,1,1,3,2,1,3,2,7
常规赛,67,奇才,胜,布里塞特,29,1/5,0/3,5/6,3,1,4,2,3,0,1,0,7
常规赛,67,奇才,胜,塔特姆,27,8/17,6/12,8/10,0,6,6,6,1,3,2,1,30
常规赛,67,奇才,胜,霍福德,23,5/7,2/4,2/2,2,2,4,2,3,0,1,0,14
常规赛,67,奇才,胜,普理查德,35,6/15,2/5,0/0,2,3,5,13,0,1,1,0,14
常规赛,67,奇才,胜,米哈伊柳克,23,3/7,3/6,0/0,0,5,5,2,0,0,0,0,9
常规赛,67,奇才,胜,科内特,20,5/9,0/0,4/4,3,3,6,1,1,0,1,2,14
常规赛,67,奇才,胜,斯普林格,16,1/3,0/2,0/0,1,1,2,0,4,1,3,0,2
常规赛,67,奇才,胜,蒂尔曼,15,1/4,0/3,1/2,1,1,2,0,1,2,1,1,3
常规赛,67,奇才,胜,克塔,8,0/0,0/0,0/0,0,2,2,0,1,0,1,0,0
常规赛,68,活塞,胜,普理查德,38,8/14,5/9,2/2,1,1,2,7,1,0,2,0,23
常规赛,68,活塞,胜,怀特,37,8/20,6/12,0/0,0,10,10,10,0,2,3,1,22
常规赛,68,活塞,胜,布朗,30,11/20,3/6,6/8,0,7,7,3,2,1,3,0,31
常规赛,68,活塞,胜,波尔津吉斯,21,7/14,5/9,1/1,1,7,8,1,2,1,0,1,20
常规赛,68,活塞,胜,科内特,28,2/4,0/0,0/0,6,4,10,0,1,2,0,3,4
常规赛,68,活塞,胜,米哈伊柳克,24,2/8,2/8,0/0,0,2,2,2,0,2,1,0,6
常规赛,68,活塞,胜,斯普林格,22,2/5,0/2,2/2,4,0,4,4,2,0,0,2,6
常规赛,68,活塞,胜,布里塞特,19,1/7,1/2,0/0,2,2,4,0,1,0,0,0,3
常规赛,68,活塞,胜,蒂尔曼,17,1/2,0/1,0/0,0,4,4,1,0,0,0,1,2
常规赛,68,活塞,胜,沃尔什,4,1/1,0/0,0/0,1,1,2,2,0,0,0,0,2
常规赛,69,雄鹿,胜,怀特,37,8/17,4/11,3/3,0,5,5,8,5,0,0,2,23
常规赛,69,雄鹿,胜,布朗,37,6/15,2/4,7/10,4,4,8,2,3,1,1,0,21
常规赛,69,雄鹿,胜,塔特姆,39,9/19,4/7,9/10,0,8,8,4,2,3,2,2,31
常规赛,69,雄鹿,胜,霍福德,38,3/3,2/2,0/0,1,3,4,4,2,1,2,1,8
常规赛,69,雄鹿,胜,波尔津吉斯,28,6/16,0/5,5/6,3,0,3,2,3,0,2,0,17
常规赛,69,雄鹿,胜,普理查德,31,7/11,5/8,0/0,2,4,6,3,2,0,1,0,19
常规赛,69,雄鹿,胜,蒂尔曼,14,0/2,0/2,0/0,1,2,3,2,1,1,1,0,0
常规赛,69,雄鹿,胜,科内特,9,0/1,0/0,0/0,0,0,0,0,0,0,0,0,0
常规赛,69,雄鹿,胜,米哈伊柳克,5,1/1,1/1,0/0,0,0,0,0,0,0,0,0,3
常规赛,70,活塞,胜,普理查德,38,8/15,4/9,0/0,0,2,2,9,2,0,1,0,20
常规赛,70,活塞,胜,怀特,36,5/14,1/7,8/9,2,6,8,11,1,0,1,1,19
常规赛,70,活塞,胜,布朗,33,13/19,3/8,4/7,0,4,4,0,1,4,4,0,33
常规赛,70,活塞,胜,蒂尔曼,20,1/2,0/1,0/0,2,2,4,0,1,0,1,0,2
常规赛,70,活塞,胜,波尔津吉斯,26,7/15,2/6,3/4,2,2,4,1,5,3,0,2,19
常规赛,70,活塞,胜,豪瑟,24,5/14,4/11,0/0,0,4,4,1,1,1,0,0,14
常规赛,70,活塞,胜,布里塞特,19,2/2,1/1,1/2,0,2,2,1,1,0,0,1,6
常规赛,70,活塞,胜,科内特,17,1/2,0/0,1/2,1,2,3,4,2,0,0,1,3
常规赛,70,活塞,胜,米哈伊柳克,16,1/1,0/0,1/1,0,2,2,1,0,0,0,0,3
常规赛,70,活塞,胜,戴维森,3,1/1,1/1,0/0,0,0,0,1,0,0,0,0,3
常规赛,70,活塞,胜,克塔,3,2/2,0/0,1/2,1,1,2,2,0,1,0,0,5
常规赛,70,活塞,胜,斯普林格,3,0/0,0/0,0/0,0,0,0,0,0,0,0,0,0
常规赛,70,活塞,胜,沃尔什,3,1/2,0/1,0/0,0,0,0,0,1,0,0,0,2
常规赛,71,公牛,胜,怀特,38,6/14,3/11,2/3,0,3,3,6,1,1,1,0,17
常规赛,71,公牛,胜,豪瑟,32,8/9,7/8,0/0,1,4,5,1,0,2,2,0,23
常规赛,71,公牛,胜,塔特姆,37,8/20,2/7,8/9,1,1,2,6,1,1,5,1,26
常规赛,71,公牛,胜,霍福德,31,8/16,5/10,2/2,2,6,8,1,1,0,2,0,23
常规赛,71,公牛,胜,科内特,31,4/5,0/0,0/0,5,8,13,4,2,0,1,2,8
常规赛,71,公牛,胜,普理查德,34,5/13,2/6,3/3,0,3,3,8,1,1,0,0,15
常规赛,71,公牛,胜,布里塞特,17,3/3,1/1,0/0,3,1,4,0,1,0,1,0,7
常规赛,71,公牛,胜,蒂尔曼,11,1/2,0/1,0/0,0,2,2,2,1,0,0,0,2
常规赛,71,公牛,胜,米哈伊柳克,9,1/4,1/4,0/0,0,1,1,0,1,0,0,0,3
常规赛,72,老鹰,负,塔特姆,39,13/26,2/7,9/11,2,6,8,5,1,2,2,1,37
常规赛,72,老鹰,负,布朗,37,10/22,2/7,2/4,2,2,4,1,3,3,1,0,24
常规赛,72,老鹰,负,霍福德,36,3/5,1/2,0/0,1,8,9,2,1,0,1,1,7
常规赛,72,老鹰,负,豪瑟,27,2/10,2/10,0/0,1,4,5,0,2,2,0,2,6
常规赛,72,老鹰,负,波尔津吉斯,34,7/14,1/4,2/2,5,0,5,2,3,0,3,3,17
常规赛,72,老鹰,负,普理查德,28,7/12,1/5,0/2,1,4,5,6,3,0,0,0,15
常规赛,72,老鹰,负,米哈伊柳克,11,2/2,2/2,0/0,0,0,0,3,0,0,0,0,6
常规赛,72,老鹰,负,布里塞特,11,0/0,0/0,0/0,0,1,1,2,1,0,0,0,0
常规赛,72,老鹰,负,科内特,10,2/2,0/0,0/0,0,0,0,0,0,0,0,0,4
常规赛,72,老鹰,负,斯普林格,8,1/2,0/1,0/0,0,1,1,0,2,0,0,1,2
常规赛,73,老鹰,负,怀特,41,8/11,5/6,1/1,2,5,7,5,3,1,3,0,22
常规赛,73,老鹰,负,霍乐迪,37,5/11,3/6,0/0,1,6,7,5,1,1,0,1,13
常规赛,73,老鹰,负,塔特姆,45,9/22,2/7,11/13,3,10,13,6,3,0,2,0,31
常规赛,73,老鹰,负,布朗,39,9/17,0/3,0/0,0,1,1,4,3,2,3,2,18
常规赛,73,老鹰,负,波尔津吉斯,41,8/20,2/7,2/3,2,5,7,2,3,1,3,3,20
常规赛,73,老鹰,负,豪瑟,23,3/6,2/4,0/0,0,2,2,3,1,0,0,0,8
常规赛,73,老鹰,负,普理查德,19,1/3,0/1,2/2,0,1,1,2,1,1,1,0,4
常规赛,73,老鹰,负,科内特,13,1/1,0/0,2/2,1,2,3,0,0,1,0,0,4
常规赛,73,老鹰,负,蒂尔曼,9,1/3,0/2,0/0,0,2,2,1,0,0,0,0,2
常规赛,74,鹈鹕,胜,霍乐迪,35,5/10,3/6,0/0,1,7,8,7,2,2,3,1,13
常规赛,74,鹈鹕,胜,怀特,32,5/9,3/7,2/2,1,2,3,3,1,0,0,0,15
常规赛,74,鹈鹕,胜,塔特姆,35,10/17,3/6,0/0,1,8,9,4,1,0,4,0,23
常规赛,74,鹈鹕,胜,布朗,35,6/16,3/4,2/2,2,5,7,6,2,1,2,1,17
常规赛,74,鹈鹕,胜,波尔津吉斯,31,6/14,1/6,6/6,0,10,10,3,4,2,2,4,19
常规赛,74,鹈鹕,胜,霍福德,30,4/7,1/3,0/0,0,6,6,2,1,1,0,1,9
常规赛,74,鹈鹕,胜,普理查德,17,1/3,0/2,0/0,2,1,3,0,1,0,1,0,2
常规赛,74,鹈鹕,胜,豪瑟,14,1/3,1/3,0/0,0,3,3,1,1,1,0,0,3
常规赛,74,鹈鹕,胜,蒂尔曼,10,1/3,0/0,1/2,1,1,2,1,0,0,0,0,3
常规赛,75,黄蜂,胜,怀特,36,7/15,4/10,1/1,2,7,9,5,3,0,2,1,19
常规赛,75,黄蜂,胜,霍乐迪,30,1/11,0/8,0/0,1,4,5,2,2,0,1,0,2
常规赛,75,黄蜂,胜,塔特姆,34,9/19,4/10,3/3,0,10,10,4,2,2,4,1,25
常规赛,75,黄蜂,胜,霍福德,25,6/11,3/6,0/0,3,2,5,3,0,0,0,0,15
常规赛,75,黄蜂,胜,波尔津吉斯,30,6/10,1/3,7/8,2,5,7,5,1,0,1,1,20
常规赛,75,黄蜂,胜,普理查德,28,3/7,0/4,1/2,1,2,3,5,4,0,1,0,7
常规赛,75,黄蜂,胜,豪瑟,24,9/13,7/11,0/0,1,4,5,0,2,0,1,0,25
常规赛,75,黄蜂,胜,布里塞特,13,0/1,0/1,1/2,0,2,2,2,0,0,0,0,1
常规赛,75,黄蜂,胜,科内特,13,2/2,0/0,0/0,1,3,4,1,0,1,0,0,4
常规赛,75,黄蜂,胜,蒂尔曼,5,0/0,0/0,0/0,0,1,1,1,1,0,0,0,0
常规赛,75,黄蜂,胜,米哈伊柳克,1,0/0,0/0,0/0,0,0,0,0,0,0,0,0,0
常规赛,76,雷霆,胜,霍乐迪,32,5/9,2/6,0/0,1,6,7,4,1,0,3,1,12
常规赛,76,雷霆,胜,怀特,31,2/5,2/4,2/2,0,1,1,6,4,1,0,1,8
常规赛,76,雷霆,胜,布朗,33,9/20,3/9,2/3,1,6,7,4,4,1,5,2,23
常规赛,76,雷霆,胜,塔特姆,29,7/15,2/5,8/8,3,4,7,3,2,1,0,0,24
常规赛,76,雷霆,胜,波尔津吉斯,31,11/14,3/3,2/2,3,9,12,4,3,1,0,5,27
常规赛,76,雷霆,胜,普理查德,28,4/10,1/4,2/2,1,3,4,8,0,2,0,0,11
常规赛,76,雷霆,胜,霍福德,25,7/10,2/4,0/0,2,2,4,2,1,0,2,1,16
常规赛,76,雷霆,胜,豪瑟,22,4/8,2/5,0/0,0,2,2,0,3,0,0,0,10
常规赛,76,雷霆,胜,米哈伊柳克,4,0/0,0/0,0/0,0,0,0,2,0,0,0,0,0
常规赛,76,雷霆,胜,科内特,4,1/1,0/0,0/0,0,1,1,0,0,1,0,0,2
常规赛,76,雷霆,胜,布里塞特,3,0/0,0/0,2/2,0,1,1,0,0,0,0,0,2
常规赛,77,国王,胜,豪瑟,36,1/18,1/13,0/0,1,6,7,3,1,1,0,0,3
常规赛,77,国王,胜,霍乐迪,31,5/8,0/2,0/0,1,3,4,7,0,0,1,0,10
常规赛,77,国王,胜,塔特姆,32,5/15,1/6,6/8,0,6,6,5,0,0,3,0,17
常规赛,77,国王,胜,霍福德,20,3/7,1/5,1/2,0,6,6,1,0,0,0,1,8
常规赛,77,国王,胜,波尔津吉斯,24,7/10,2/2,4/4,1,10,11,2,3,2,1,1,20
常规赛,77,国王,胜,普理查德,33,8/16,5/10,0/0,1,0,1,3,3,2,1,0,21
常规赛,77,国王,胜,蒂尔曼,19,4/7,1/3,0/0,1,3,4,2,0,0,0,0,9
常规赛,77,国王,胜,科内特,18,3/4,0/0,0/0,2,3,5,1,1,1,0,2,6
常规赛,77,国王,胜,米哈伊柳克,12,2/3,1/2,0/0,1,1,2,1,0,0,0,0,5
常规赛,77,国王,胜,布里塞特,7,0/0,0/0,2/4,3,1,4,0,2,0,1,0,2
常规赛,77,国王,胜,沃尔什,6,0/1,0/1,0/0,1,0,1,0,1,0,0,0,0
常规赛,78,开拓者,胜,怀特,31,5/13,3/10,2/2,0,1,1,9,1,1,2,0,15
常规赛,78,开拓者,胜,霍乐迪,21,5/8,2/3,0/0,0,1,1,2,1,0,0,0,12
常规赛,78,开拓者,胜,布朗,30,10/17,3/5,3/3,0,4,4,2,2,1,2,1,26
常规赛,78,开拓者,胜,霍福德,21,3/6,1/4,0/0,1,5,6,3,0,1,1,0,7
常规赛,78,开拓者,胜,波尔津吉斯,27,3/7,1/3,5/8,1,9,10,2,1,3,2,5,12
常规赛,78,开拓者,胜,豪瑟,27,4/6,2/4,0/0,0,2,2,3,3,1,0,0,10
常规赛,78,开拓者,胜,普理查德,26,9/13,2/4,0/0,0,3,3,8,1,1,2,0,20
常规赛,78,开拓者,胜,科内特,19,1/1,0/0,0/0,3,2,5,1,0,0,0,0,2
常规赛,78,开拓者,胜,蒂尔曼,17,4/7,1/2,0/0,0,5,5,1,0,1,0,2,9
常规赛,78,开拓者,胜,米哈伊柳克,12,2/4,1/2,0/0,0,2,2,2,2,0,1,0,5
常规赛,78,开拓者,胜,布里塞特,9,3/5,0/1,0/0,0,1,1,1,1,1,1,0,6
常规赛,78,开拓者,胜,斯普林格,1,0/0,0/0,0/0,0,0,0,0,0,1,1,0,0
常规赛,79,雄鹿,负,霍乐迪,32,5/13,2/6,0/0,3,4,7,5,0,1,2,1,12
常规赛,79,雄鹿,负,怀特,31,3/10,3/9,0/0,1,3,4,3,1,2,1,0,9
常规赛,79,雄鹿,负,塔特姆,37,9/19,4/9,0/0,0,5,5,6,1,0,2,1,22
常规赛,79,雄鹿,负,布朗,36,7/19,0/6,0/0,4,6,10,3,3,4,5,0,14
常规赛,79,雄鹿,负,蒂尔曼,18,2/7,2/5,0/0,0,0,0,2,1,1,0,2,6
常规赛,79,雄鹿,负,豪瑟,28,3/8,2/6,0/0,2,3,5,2,0,2,1,0,8
常规赛,79,雄鹿,负,普理查德,24,2/9,2/8,0/0,0,2,2,3,0,1,1,0,6
常规赛,79,雄鹿,负,科内特,21,3/3,1/1,0/0,1,1,2,1,1,0,0,0,7
常规赛,79,雄鹿,负,米哈伊柳克,7,2/2,1/1,0/0,0,1,1,1,0,0,0,0,5
常规赛,79,雄鹿,负,布里塞特,7,1/3,0/1,0/0,1,1,2,1,1,0,0,0,2
常规赛,80,尼克斯,负,霍乐迪,29,3/7,1/4,0/0,1,4,5,1,2,1,2,2,7
常规赛,80,尼克斯,负,怀特,29,1/5,0/3,0/0,0,2,2,2,3,1,1,1,2
常规赛,80,尼克斯,负,塔特姆,32,5/13,1/7,7/9,1,3,4,7,3,2,2,1,18
常规赛,80,尼克斯,负,布朗,29,6/15,1/5,2/3,1,1,2,1,3,0,3,2,15
常规赛,80,尼克斯,负,波尔津吉斯,25,5/12,2/5,2/2,2,6,8,1,2,0,1,2,14
常规赛,80,尼克斯,负,豪瑟,22,5/8,3/5,2/2,1,3,4,3,0,0,0,1,15
常规赛,80,尼克斯,负,普理查德,21,7/13,2/4,0/0,2,2,4,6,0,0,0,0,16
常规赛,80,尼克斯,负,霍福德,16,2/3,2/3,0/0,0,2,2,1,2,1,1,2,6
常规赛,80,尼克斯,负,斯普林格,13,1/2,1/2,0/0,0,1,1,0,1,2,1,0,3
常规赛,80,尼克斯,负,米哈伊柳克,13,3/5,3/4,0/0,1,1,2,2,0,0,0,0,9
常规赛,80,尼克斯,负,科内特,7,1/2,0/0,0/0,1,1,2,0,0,0,1,1,2
常规赛,80,尼克斯,负,蒂尔曼,6,1/1,0/0,0/0,0,0,0,1,0,0,0,0,2
常规赛,81,黄蜂,胜,普理查德,31,14/22,3/8,0/0,0,3,3,11,2,1,2,0,31
常规赛,81,黄蜂,胜,斯普林格,25,4/6,0/0,3/4,0,6,6,4,3,3,1,0,11
常规赛,81,黄蜂,胜,米哈伊柳克,34,2/13,2/11,2/2,0,3,3,0,2,1,1,0,8
常规赛,81,黄蜂,胜,豪瑟,30,6/17,4/13,0/0,0,4,4,2,0,0,0,0,16
常规赛,81,黄蜂,胜,科内特,25,7/10,0/0,2/2,3,7,10,3,3,0,0,0,16
常规赛,81,黄蜂,胜,沃尔什,20,3/4,2/3,0/0,1,2,3,0,3,1,0,0,8
常规赛,81,黄蜂,胜,克塔,18,8/10,0/0,0/0,4,2,6,5,2,2,0,0,16
常规赛,81,黄蜂,胜,戴维森,17,3/7,1/3,0/0,1,3,4,7,1,0,1,1,7
常规赛,81,黄蜂,胜,布里塞特,15,3/8,0/0,2/5,6,5,11,1,1,1,0,0,8
常规赛,81,黄蜂,胜,蒂尔曼,13,1/3,0/0,0/0,1,2,3,1,3,2,1,0,2
常规赛,81,黄蜂,胜,彼得森,12,3/4,2/3,0/0,0,0,0,0,0,1,0,0,8
常规赛,82,奇才,胜,普理查德,44,15/21,4/6,4/4,1,8,9,12,3,0,2,0,38
常规赛,82,奇才,胜,米哈伊柳克,37,10/13,6/8,0/0,1,4,5,5,2,0,1,1,26
常规赛,82,奇才,胜,豪瑟,35,6/20,4/11,0/0,1,4,5,2,1,2,0,1,16
常规赛,82,奇才,胜,沃尔什,17,0/2,0/1,1/2,0,3,3,1,1,2,1,0,1
常规赛,82,奇才,胜,科内特,27,4/5,0/0,3/3,3,5,8,5,0,0,0,3,11
常规赛,82,奇才,胜,斯普林格,20,2/4,1/2,2/2,0,2,2,0,2,3,1,1,7
常规赛,82,奇才,胜,克塔,19,8/11,0/0,3/4,3,6,9,1,2,0,3,6,19
常规赛,82,奇才,胜,布里塞特,16,2/6,0/1,0/3,0,2,2,1,0,1,3,3,4
常规赛,82,奇才,胜,戴维森,10,0/2,0/1,1/2,0,3,3,2,2,1,1,0,1
常规赛,82,奇才,胜,彼得森,8,0/1,0/1,0/0,0,1,1,0,0,1,1,0,0
常规赛,82,奇才,胜,蒂尔曼,6,4/4,1/1,0/1,1,0,1,0,0,0,1,0,9
